{
  "b": 209,
  "disableInputWhenNotFocused": true,
  "mangledName": "CREDITS",
  "name": "CREDITS",
  "oglFOV": 90,
  "oglZFar": 500,
  "oglZNear": 1,
  "r": 209,
  "standardSortMethod": true,
  "stopSoundsOnStartup": true,
  "title": "",
  "v": 209,
  "uiSettings": {
    "grid": true,
    "gridB": 255,
    "gridG": 180,
    "gridHeight": 32,
    "gridOffsetX": 0,
    "gridOffsetY": 0,
    "gridR": 158,
    "gridWidth": 32,
    "snap": true,
    "windowMask": false,
    "zoomFactor": 0.64
  },
  "objectsGroups": [],
  "variables": [],
  "instances": [
    {
      "angle": 0,
      "customSize": true,
      "height": 795,
      "layer": "",
      "locked": false,
      "name": "NewObject",
      "width": 1428,
      "x": -331,
      "y": -73,
      "zOrder": 1,
      "numberProperties": [],
      "stringProperties": [],
      "initialVariables": []
    },
    {
      "angle": 0,
      "customSize": false,
      "height": 0,
      "layer": "",
      "locked": false,
      "name": "cREDITS",
      "width": 0,
      "x": 156,
      "y": 18,
      "zOrder": 2,
      "numberProperties": [],
      "stringProperties": [],
      "initialVariables": []
    },
    {
      "angle": 0,
      "customSize": false,
      "height": 0,
      "layer": "",
      "locked": false,
      "name": "DEVELOPED",
      "width": 0,
      "x": 160,
      "y": 192,
      "zOrder": 3,
      "numberProperties": [],
      "stringProperties": [],
      "initialVariables": []
    },
    {
      "angle": 0,
      "customSize": false,
      "height": 0,
      "layer": "",
      "locked": false,
      "name": "KAVIN",
      "width": 0,
      "x": 448,
      "y": 192,
      "zOrder": 4,
      "numberProperties": [],
      "stringProperties": [],
      "initialVariables": []
    },
    {
      "angle": 0,
      "customSize": false,
      "height": 0,
      "layer": "",
      "locked": false,
      "name": "VERSION",
      "width": 0,
      "x": 256,
      "y": 256,
      "zOrder": 5,
      "numberProperties": [],
      "stringProperties": [],
      "initialVariables": []
    },
    {
      "angle": 0,
      "customSize": false,
      "height": 0,
      "layer": "",
      "locked": false,
      "name": "VERSIONNOP",
      "width": 0,
      "x": 448,
      "y": 256,
      "zOrder": 6,
      "numberProperties": [],
      "stringProperties": [],
      "initialVariables": []
    },
    {
      "angle": 0,
      "customSize": false,
      "height": 0,
      "layer": "",
      "locked": false,
      "name": "REPORT",
      "width": 0,
      "x": 160,
      "y": 320,
      "zOrder": 7,
      "numberProperties": [],
      "stringProperties": [],
      "initialVariables": []
    },
    {
      "angle": 0,
      "customSize": false,
      "height": 0,
      "layer": "",
      "locked": false,
      "name": "EMAIL",
      "width": 0,
      "x": 448,
      "y": 320,
      "zOrder": 8,
      "numberProperties": [],
      "stringProperties": [],
      "initialVariables": []
    },
    {
      "angle": 0,
      "customSize": false,
      "height": 0,
      "layer": "",
      "locked": false,
      "name": "BACK",
      "width": 0,
      "x": 672,
      "y": 544,
      "zOrder": 9,
      "numberProperties": [],
      "stringProperties": [],
      "initialVariables": []
    },
    {
      "angle": 0,
      "customSize": false,
      "height": 0,
      "layer": "",
      "locked": false,
      "name": "instant",
      "width": 0,
      "x": 0,
      "y": 576,
      "zOrder": 10,
      "numberProperties": [],
      "stringProperties": [],
      "initialVariables": []
    }
  ],
  "objects": [
    {
      "height": 32,
      "name": "NewObject",
      "tags": "",
      "texture": "sky-blue-vector.jpg",
      "type": "TiledSpriteObject::TiledSprite",
      "width": 32,
      "variables": [],
      "behaviors": []
    },
    {
      "bold": true,
      "italic": true,
      "name": "cREDITS",
      "smoothed": true,
      "tags": "",
      "type": "TextObject::Text",
      "underlined": false,
      "variables": [],
      "behaviors": [],
      "string": "GAME INFO",
      "font": "",
      "characterSize": 100,
      "color": {
        "b": 0,
        "g": 0,
        "r": 0
      }
    },
    {
      "bold": false,
      "italic": false,
      "name": "DEVELOPED",
      "smoothed": true,
      "tags": "",
      "type": "TextObject::Text",
      "underlined": false,
      "variables": [],
      "behaviors": [],
      "string": "DEVELOPED BY:",
      "font": "",
      "characterSize": 30,
      "color": {
        "b": 0,
        "g": 0,
        "r": 0
      }
    },
    {
      "bold": false,
      "italic": false,
      "name": "KAVIN",
      "smoothed": true,
      "tags": "",
      "type": "TextObject::Text",
      "underlined": false,
      "variables": [],
      "behaviors": [],
      "string": "KAVIN JINDAL",
      "font": "",
      "characterSize": 30,
      "color": {
        "b": 0,
        "g": 0,
        "r": 0
      }
    },
    {
      "bold": false,
      "italic": false,
      "name": "VERSION",
      "smoothed": true,
      "tags": "",
      "type": "TextObject::Text",
      "underlined": false,
      "variables": [],
      "behaviors": [],
      "string": "VERSION:",
      "font": "",
      "characterSize": 30,
      "color": {
        "b": 0,
        "g": 0,
        "r": 0
      }
    },
    {
      "bold": false,
      "italic": false,
      "name": "VERSIONNOP",
      "smoothed": true,
      "tags": "",
      "type": "TextObject::Text",
      "underlined": false,
      "variables": [],
      "behaviors": [],
      "string": "1.1.0",
      "font": "",
      "characterSize": 30,
      "color": {
        "b": 0,
        "g": 0,
        "r": 0
      }
    },
    {
      "bold": false,
      "italic": false,
      "name": "REPORT",
      "smoothed": true,
      "tags": "",
      "type": "TextObject::Text",
      "underlined": false,
      "variables": [],
      "behaviors": [],
      "string": "REPORT ISSUES\nON EMAIL:",
      "font": "",
      "characterSize": 30,
      "color": {
        "b": 0,
        "g": 0,
        "r": 0
      }
    },
    {
      "bold": false,
      "italic": false,
      "name": "EMAIL",
      "smoothed": true,
      "tags": "",
      "type": "TextObject::Text",
      "underlined": false,
      "variables": [],
      "behaviors": [],
      "string": "kavinsjindal@gmail.com",
      "font": "",
      "characterSize": 30,
      "color": {
        "b": 0,
        "g": 0,
        "r": 0
      }
    },
    {
      "bold": true,
      "italic": false,
      "name": "BACK",
      "smoothed": true,
      "tags": "",
      "type": "TextObject::Text",
      "underlined": false,
      "variables": [],
      "behaviors": [],
      "string": "BACK",
      "font": "",
      "characterSize": 30,
      "color": {
        "b": 0,
        "g": 0,
        "r": 0
      }
    },
    {
      "bold": false,
      "italic": false,
      "name": "NewObject2",
      "smoothed": true,
      "tags": "",
      "type": "TextObject::Text",
      "underlined": false,
      "variables": [],
      "behaviors": [],
      "string": "Text",
      "font": "",
      "characterSize": 20,
      "color": {
        "b": 0,
        "g": 0,
        "r": 0
      }
    },
    {
      "bold": false,
      "italic": false,
      "name": "NewObject3",
      "smoothed": true,
      "tags": "",
      "type": "TextObject::Text",
      "underlined": false,
      "variables": [],
      "behaviors": [],
      "string": "Text",
      "font": "",
      "characterSize": 20,
      "color": {
        "b": 0,
        "g": 0,
        "r": 0
      }
    },
    {
      "bold": false,
      "italic": false,
      "name": "instant",
      "smoothed": true,
      "tags": "",
      "type": "TextObject::Text",
      "underlined": false,
      "variables": [],
      "behaviors": [],
      "string": "© Instant Devs Corp. 2020",
      "font": "",
      "characterSize": 20,
      "color": {
        "b": 0,
        "g": 0,
        "r": 0
      }
    }
  ],
  "events": [
    {
      "disabled": false,
      "folded": false,
      "type": "BuiltinCommonInstructions::Standard",
      "conditions": [
        {
          "type": {
            "inverted": true,
            "value": "SourisSurObjet"
          },
          "parameters": [
            "EMAIL",
            "",
            "",
            ""
          ],
          "subInstructions": []
        }
      ],
      "actions": [
        {
          "type": {
            "inverted": false,
            "value": "TextObject::ChangeColor"
          },
          "parameters": [
            "EMAIL",
            "\"253;6;6\""
          ],
          "subInstructions": []
        }
      ],
      "events": []
    },
    {
      "disabled": false,
      "folded": false,
      "type": "BuiltinCommonInstructions::Standard",
      "conditions": [
        {
          "type": {
            "inverted": false,
            "value": "SourisSurObjet"
          },
          "parameters": [
            "NewObject",
            "",
            "",
            ""
          ],
          "subInstructions": []
        }
      ],
      "actions": [
        {
          "type": {
            "inverted": false,
            "value": "TextObject::ChangeColor"
          },
          "parameters": [
            "EMAIL",
            "\"0;0;0\""
          ],
          "subInstructions": []
        }
      ],
      "events": []
    },
    {
      "disabled": false,
      "folded": false,
      "type": "BuiltinCommonInstructions::Standard",
      "conditions": [
        {
          "type": {
            "inverted": true,
            "value": "SourisSurObjet"
          },
          "parameters": [
            "BACK",
            "",
            "",
            ""
          ],
          "subInstructions": []
        }
      ],
      "actions": [
        {
          "type": {
            "inverted": false,
            "value": "TextObject::ChangeColor"
          },
          "parameters": [
            "BACK",
            "\"253;3;3\""
          ],
          "subInstructions": []
        }
      ],
      "events": []
    },
    {
      "disabled": false,
      "folded": false,
      "type": "BuiltinCommonInstructions::Standard",
      "conditions": [
        {
          "type": {
            "inverted": false,
            "value": "SourisSurObjet"
          },
          "parameters": [
            "BACK",
            "",
            "",
            ""
          ],
          "subInstructions": []
        },
        {
          "type": {
            "inverted": false,
            "value": "SourisBouton"
          },
          "parameters": [
            "",
            "Left"
          ],
          "subInstructions": []
        }
      ],
      "actions": [
        {
          "type": {
            "inverted": false,
            "value": "TextObject::ChangeColor"
          },
          "parameters": [
            "BACK",
            "\"243;4;4\""
          ],
          "subInstructions": []
        },
        {
          "type": {
            "inverted": false,
            "value": "Scene"
          },
          "parameters": [
            "",
            "\"MENUS\"",
            ""
          ],
          "subInstructions": []
        }
      ],
      "events": []
    }
  ],
  "layers": [
    {
      "name": "",
      "visibility": true,
      "cameras": [
        {
          "defaultSize": true,
          "defaultViewport": true,
          "height": 0,
          "viewportBottom": 1,
          "viewportLeft": 0,
          "viewportRight": 1,
          "viewportTop": 0,
          "width": 0
        }
      ],
      "effects": []
    }
  ],
  "behaviorsSharedData": []
}