{
  "b": 209,
  "disableInputWhenNotFocused": true,
  "mangledName": "GAME2",
  "name": "GAME2",
  "oglFOV": 90,
  "oglZFar": 500,
  "oglZNear": 1,
  "r": 209,
  "standardSortMethod": true,
  "stopSoundsOnStartup": true,
  "title": "",
  "v": 209,
  "uiSettings": {
    "grid": false,
    "gridB": 255,
    "gridG": 180,
    "gridHeight": 16,
    "gridOffsetX": 0,
    "gridOffsetY": 0,
    "gridR": 158,
    "gridWidth": 16,
    "snap": false,
    "windowMask": false,
    "zoomFactor": 0.202
  },
  "objectsGroups": [],
  "variables": [],
  "instances": [
    {
      "angle": 0,
      "customSize": true,
      "height": 178,
      "layer": "",
      "locked": false,
      "name": "NewObject6",
      "width": 90,
      "x": -4512,
      "y": 240,
      "zOrder": 3,
      "numberProperties": [],
      "stringProperties": [],
      "initialVariables": []
    },
    {
      "angle": 0,
      "customSize": true,
      "height": 85,
      "layer": "",
      "locked": false,
      "name": "Player",
      "width": 69,
      "x": -4368,
      "y": 400,
      "zOrder": 5,
      "numberProperties": [],
      "stringProperties": [],
      "initialVariables": []
    },
    {
      "angle": 0,
      "customSize": true,
      "height": 34,
      "layer": "",
      "locked": false,
      "name": "NewObject7",
      "width": 36,
      "x": -2768,
      "y": 240,
      "zOrder": 10,
      "numberProperties": [],
      "stringProperties": [],
      "initialVariables": []
    },
    {
      "angle": 0,
      "customSize": true,
      "height": 36,
      "layer": "",
      "locked": false,
      "name": "NewObject7",
      "width": 36,
      "x": -2704,
      "y": 240,
      "zOrder": 11,
      "numberProperties": [],
      "stringProperties": [],
      "initialVariables": []
    },
    {
      "angle": 0,
      "customSize": true,
      "height": 36,
      "layer": "",
      "locked": false,
      "name": "NewObject7",
      "width": 36,
      "x": -2640,
      "y": 240,
      "zOrder": 11,
      "numberProperties": [],
      "stringProperties": [],
      "initialVariables": []
    },
    {
      "angle": 0,
      "customSize": true,
      "height": 36,
      "layer": "",
      "locked": false,
      "name": "NewObject7",
      "width": 36,
      "x": -2576,
      "y": 240,
      "zOrder": 11,
      "numberProperties": [],
      "stringProperties": [],
      "initialVariables": []
    },
    {
      "angle": 0,
      "customSize": true,
      "height": 83,
      "layer": "UI",
      "locked": false,
      "name": "Coins",
      "width": 224,
      "x": 19,
      "y": 25,
      "zOrder": 12,
      "numberProperties": [],
      "stringProperties": [],
      "initialVariables": []
    },
    {
      "angle": 0,
      "customSize": true,
      "height": 43,
      "layer": "",
      "locked": false,
      "name": "Base",
      "width": 873,
      "x": -4464,
      "y": 496,
      "zOrder": 13,
      "numberProperties": [],
      "stringProperties": [],
      "initialVariables": []
    },
    {
      "angle": 0,
      "customSize": true,
      "height": 32,
      "layer": "",
      "locked": false,
      "name": "Base",
      "width": 499,
      "x": -3632,
      "y": 384,
      "zOrder": 14,
      "numberProperties": [],
      "stringProperties": [],
      "initialVariables": []
    },
    {
      "angle": 0,
      "customSize": true,
      "height": 34,
      "layer": "",
      "locked": false,
      "name": "Coin",
      "width": 34,
      "x": -3472,
      "y": 336,
      "zOrder": 15,
      "numberProperties": [],
      "stringProperties": [],
      "initialVariables": []
    },
    {
      "angle": 0,
      "customSize": true,
      "height": 34,
      "layer": "",
      "locked": false,
      "name": "Coin",
      "width": 34,
      "x": -3408,
      "y": 336,
      "zOrder": 15,
      "numberProperties": [],
      "stringProperties": [],
      "initialVariables": []
    },
    {
      "angle": 0,
      "customSize": true,
      "height": 34,
      "layer": "",
      "locked": false,
      "name": "Coin",
      "width": 34,
      "x": -3344,
      "y": 336,
      "zOrder": 15,
      "numberProperties": [],
      "stringProperties": [],
      "initialVariables": []
    },
    {
      "angle": 0,
      "customSize": true,
      "height": 241,
      "layer": "",
      "locked": false,
      "name": "Wall",
      "width": 56,
      "x": -4464,
      "y": 256,
      "zOrder": 17,
      "numberProperties": [],
      "stringProperties": [],
      "initialVariables": []
    },
    {
      "angle": 0,
      "customSize": false,
      "height": 0,
      "layer": "UI",
      "locked": false,
      "name": "POints",
      "width": 0,
      "x": 180,
      "y": 27,
      "zOrder": 18,
      "numberProperties": [],
      "stringProperties": [],
      "initialVariables": []
    },
    {
      "angle": 0,
      "customSize": true,
      "height": 32,
      "layer": "",
      "locked": false,
      "name": "Brick",
      "width": 377,
      "x": -3632,
      "y": 224,
      "zOrder": 19,
      "numberProperties": [],
      "stringProperties": [],
      "initialVariables": []
    },
    {
      "angle": 0,
      "customSize": false,
      "height": 0,
      "layer": "",
      "locked": false,
      "name": "Level",
      "width": 0,
      "x": -4208,
      "y": 176,
      "zOrder": 17,
      "numberProperties": [],
      "stringProperties": [],
      "initialVariables": []
    },
    {
      "angle": 0,
      "customSize": true,
      "height": 32,
      "layer": "",
      "locked": false,
      "name": "Base",
      "width": 586,
      "x": -3136,
      "y": 352,
      "zOrder": 20,
      "numberProperties": [],
      "stringProperties": [],
      "initialVariables": []
    },
    {
      "angle": 0,
      "customSize": true,
      "height": 32,
      "layer": "",
      "locked": false,
      "name": "Base",
      "width": 773,
      "x": -2416,
      "y": 352,
      "zOrder": 21,
      "numberProperties": [],
      "stringProperties": [],
      "initialVariables": []
    },
    {
      "angle": 0,
      "customSize": true,
      "height": 65,
      "layer": "",
      "locked": false,
      "name": "Brick",
      "width": 64,
      "x": -2816,
      "y": 288,
      "zOrder": 22,
      "numberProperties": [],
      "stringProperties": [],
      "initialVariables": []
    },
    {
      "angle": 0,
      "customSize": true,
      "height": 54,
      "layer": "",
      "locked": false,
      "name": "Brick",
      "width": 32,
      "x": -2584,
      "y": 298,
      "zOrder": 23,
      "numberProperties": [],
      "stringProperties": [],
      "initialVariables": []
    },
    {
      "angle": 0,
      "customSize": true,
      "height": 34,
      "layer": "",
      "locked": false,
      "name": "Coin",
      "width": 34,
      "x": -3536,
      "y": 336,
      "zOrder": 15,
      "numberProperties": [],
      "stringProperties": [],
      "initialVariables": []
    },
    {
      "angle": 0,
      "customSize": true,
      "height": 34,
      "layer": "",
      "locked": false,
      "name": "Coin",
      "width": 34,
      "x": -3536,
      "y": 336,
      "zOrder": 15,
      "numberProperties": [],
      "stringProperties": [],
      "initialVariables": []
    },
    {
      "angle": 0,
      "customSize": true,
      "height": 34,
      "layer": "",
      "locked": false,
      "name": "Coin",
      "width": 34,
      "x": -3536,
      "y": 144,
      "zOrder": 15,
      "numberProperties": [],
      "stringProperties": [],
      "initialVariables": []
    },
    {
      "angle": 0,
      "customSize": true,
      "height": 34,
      "layer": "",
      "locked": false,
      "name": "Coin",
      "width": 34,
      "x": -3440,
      "y": 144,
      "zOrder": 15,
      "numberProperties": [],
      "stringProperties": [],
      "initialVariables": []
    },
    {
      "angle": 0,
      "customSize": true,
      "height": 34,
      "layer": "",
      "locked": false,
      "name": "Coin",
      "width": 34,
      "x": -3344,
      "y": 144,
      "zOrder": 15,
      "numberProperties": [],
      "stringProperties": [],
      "initialVariables": []
    },
    {
      "angle": 0,
      "customSize": false,
      "height": 0,
      "layer": "",
      "locked": false,
      "name": "textnotice",
      "width": 0,
      "x": -3728,
      "y": 64,
      "zOrder": 0,
      "numberProperties": [],
      "stringProperties": [],
      "initialVariables": []
    },
    {
      "angle": 0,
      "customSize": true,
      "height": 3696,
      "layer": "",
      "locked": false,
      "name": "sky",
      "width": 13405,
      "x": -5100,
      "y": -1168,
      "zOrder": 0,
      "numberProperties": [],
      "stringProperties": [],
      "initialVariables": []
    },
    {
      "angle": 0,
      "customSize": true,
      "height": 32,
      "layer": "",
      "locked": false,
      "name": "Base",
      "width": 176,
      "x": -3728,
      "y": 528,
      "zOrder": 38,
      "numberProperties": [],
      "stringProperties": [],
      "initialVariables": []
    },
    {
      "angle": 0,
      "customSize": true,
      "height": 32,
      "layer": "",
      "locked": false,
      "name": "Base",
      "width": 188,
      "x": -2400,
      "y": 528,
      "zOrder": 39,
      "numberProperties": [],
      "stringProperties": [],
      "initialVariables": []
    },
    {
      "angle": 0,
      "customSize": true,
      "height": 32,
      "layer": "",
      "locked": false,
      "name": "Base",
      "width": 893,
      "x": -1648,
      "y": 384,
      "zOrder": 40,
      "numberProperties": [],
      "stringProperties": [],
      "initialVariables": []
    },
    {
      "angle": 0,
      "customSize": true,
      "height": 32,
      "layer": "",
      "locked": false,
      "name": "Base",
      "width": 893,
      "x": -1648,
      "y": 352,
      "zOrder": 40,
      "numberProperties": [],
      "stringProperties": [],
      "initialVariables": []
    },
    {
      "angle": 0,
      "customSize": true,
      "height": 32,
      "layer": "",
      "locked": false,
      "name": "Base",
      "width": 235,
      "x": -1104,
      "y": 528,
      "zOrder": 41,
      "numberProperties": [],
      "stringProperties": [],
      "initialVariables": []
    },
    {
      "angle": 0,
      "customSize": true,
      "height": 23,
      "layer": "",
      "locked": false,
      "name": "Wall",
      "width": 768,
      "x": -1648,
      "y": 336,
      "zOrder": 42,
      "numberProperties": [],
      "stringProperties": [],
      "initialVariables": []
    },
    {
      "angle": 0,
      "customSize": true,
      "height": 19,
      "layer": "",
      "locked": false,
      "name": "bridge1",
      "width": 491,
      "x": -736,
      "y": 352,
      "zOrder": 43,
      "numberProperties": [],
      "stringProperties": [],
      "initialVariables": []
    },
    {
      "angle": 0,
      "customSize": true,
      "height": 60,
      "layer": "",
      "locked": false,
      "name": "Wall",
      "width": 13,
      "x": -752,
      "y": 352,
      "zOrder": 44,
      "numberProperties": [],
      "stringProperties": [],
      "initialVariables": []
    },
    {
      "angle": 0,
      "customSize": true,
      "height": 60,
      "layer": "",
      "locked": false,
      "name": "Wall",
      "width": 13,
      "x": -240,
      "y": 352,
      "zOrder": 44,
      "numberProperties": [],
      "stringProperties": [],
      "initialVariables": []
    },
    {
      "angle": 0,
      "customSize": true,
      "height": 58,
      "layer": "",
      "locked": false,
      "name": "Wall",
      "width": 981,
      "x": -240,
      "y": 352,
      "zOrder": 45,
      "numberProperties": [],
      "stringProperties": [],
      "initialVariables": []
    },
    {
      "angle": 0,
      "customSize": true,
      "height": 32,
      "layer": "",
      "locked": false,
      "name": "Wall",
      "width": 231,
      "x": 208,
      "y": 528,
      "zOrder": 46,
      "numberProperties": [],
      "stringProperties": [],
      "initialVariables": []
    },
    {
      "angle": 0,
      "customSize": true,
      "height": 37,
      "layer": "",
      "locked": false,
      "name": "Coin",
      "width": 34,
      "x": -2624,
      "y": 304,
      "zOrder": 47,
      "numberProperties": [],
      "stringProperties": [],
      "initialVariables": []
    },
    {
      "angle": 0,
      "customSize": true,
      "height": 37,
      "layer": "",
      "locked": false,
      "name": "Coin",
      "width": 34,
      "x": -2688,
      "y": 304,
      "zOrder": 47,
      "numberProperties": [],
      "stringProperties": [],
      "initialVariables": []
    },
    {
      "angle": 0,
      "customSize": true,
      "height": 37,
      "layer": "",
      "locked": false,
      "name": "Coin",
      "width": 37,
      "x": -2160,
      "y": 288,
      "zOrder": 48,
      "numberProperties": [],
      "stringProperties": [],
      "initialVariables": []
    },
    {
      "angle": 0,
      "customSize": true,
      "height": 32,
      "layer": "",
      "locked": false,
      "name": "Base",
      "width": 773,
      "x": -2416,
      "y": 352,
      "zOrder": 21,
      "numberProperties": [],
      "stringProperties": [],
      "initialVariables": []
    },
    {
      "angle": 0,
      "customSize": true,
      "height": 32,
      "layer": "",
      "locked": false,
      "name": "Base",
      "width": 773,
      "x": -2416,
      "y": 352,
      "zOrder": 21,
      "numberProperties": [],
      "stringProperties": [],
      "initialVariables": []
    },
    {
      "angle": 0,
      "customSize": true,
      "height": 37,
      "layer": "",
      "locked": false,
      "name": "Coin",
      "width": 37,
      "x": -1008,
      "y": 144,
      "zOrder": 49,
      "numberProperties": [],
      "stringProperties": [],
      "initialVariables": []
    },
    {
      "angle": 0,
      "customSize": true,
      "height": 37,
      "layer": "",
      "locked": false,
      "name": "Coin",
      "width": 37,
      "x": -2160,
      "y": 288,
      "zOrder": 48,
      "numberProperties": [],
      "stringProperties": [],
      "initialVariables": []
    },
    {
      "angle": 0,
      "customSize": true,
      "height": 37,
      "layer": "",
      "locked": false,
      "name": "Coin",
      "width": 37,
      "x": -2112,
      "y": 288,
      "zOrder": 49,
      "numberProperties": [],
      "stringProperties": [],
      "initialVariables": []
    },
    {
      "angle": 0,
      "customSize": true,
      "height": 37,
      "layer": "",
      "locked": false,
      "name": "Coin",
      "width": 37,
      "x": -2064,
      "y": 288,
      "zOrder": 49,
      "numberProperties": [],
      "stringProperties": [],
      "initialVariables": []
    },
    {
      "angle": 0,
      "customSize": true,
      "height": 37,
      "layer": "",
      "locked": false,
      "name": "Coin",
      "width": 37,
      "x": -2000,
      "y": 288,
      "zOrder": 49,
      "numberProperties": [],
      "stringProperties": [],
      "initialVariables": []
    },
    {
      "angle": 0,
      "customSize": true,
      "height": 37,
      "layer": "",
      "locked": false,
      "name": "Coin",
      "width": 37,
      "x": -1952,
      "y": 288,
      "zOrder": 49,
      "numberProperties": [],
      "stringProperties": [],
      "initialVariables": []
    },
    {
      "angle": 0,
      "customSize": true,
      "height": 21,
      "layer": "",
      "locked": false,
      "name": "Brick",
      "width": 411,
      "x": -1280,
      "y": 224,
      "zOrder": 50,
      "numberProperties": [],
      "stringProperties": [],
      "initialVariables": []
    },
    {
      "angle": 0,
      "customSize": true,
      "height": 37,
      "layer": "",
      "locked": false,
      "name": "Coin",
      "width": 37,
      "x": -1232,
      "y": 144,
      "zOrder": 49,
      "numberProperties": [],
      "stringProperties": [],
      "initialVariables": []
    },
    {
      "angle": 0,
      "customSize": true,
      "height": 37,
      "layer": "",
      "locked": false,
      "name": "Coin",
      "width": 37,
      "x": -1152,
      "y": 144,
      "zOrder": 49,
      "numberProperties": [],
      "stringProperties": [],
      "initialVariables": []
    },
    {
      "angle": 0,
      "customSize": true,
      "height": 37,
      "layer": "",
      "locked": false,
      "name": "Coin",
      "width": 37,
      "x": -1088,
      "y": 144,
      "zOrder": 49,
      "numberProperties": [],
      "stringProperties": [],
      "initialVariables": []
    },
    {
      "angle": 0,
      "customSize": false,
      "height": 0,
      "layer": "UI",
      "locked": false,
      "name": "dead",
      "width": 0,
      "x": -2240,
      "y": 32,
      "zOrder": 52,
      "numberProperties": [],
      "stringProperties": [],
      "initialVariables": []
    },
    {
      "angle": 0,
      "customSize": false,
      "height": 0,
      "layer": "UI",
      "locked": false,
      "name": "DEAD",
      "width": 0,
      "x": 202,
      "y": 210,
      "zOrder": 53,
      "numberProperties": [],
      "stringProperties": [],
      "initialVariables": []
    },
    {
      "angle": 0,
      "customSize": false,
      "height": 0,
      "layer": "UI",
      "locked": false,
      "name": "BACK",
      "width": 0,
      "x": 705,
      "y": 549,
      "zOrder": 55,
      "numberProperties": [],
      "stringProperties": [],
      "initialVariables": []
    },
    {
      "angle": 0,
      "customSize": true,
      "height": 45,
      "layer": "",
      "locked": false,
      "name": "Brick",
      "width": 377,
      "x": 784,
      "y": 352,
      "zOrder": 56,
      "numberProperties": [],
      "stringProperties": [],
      "initialVariables": []
    },
    {
      "angle": 0,
      "customSize": true,
      "height": 32,
      "layer": "",
      "locked": false,
      "name": "Brick",
      "width": 146,
      "x": 1166,
      "y": 309,
      "zOrder": 57,
      "numberProperties": [],
      "stringProperties": [],
      "initialVariables": []
    },
    {
      "angle": 0,
      "customSize": true,
      "height": 32,
      "layer": "",
      "locked": false,
      "name": "Brick",
      "width": 107,
      "x": 1312,
      "y": 264,
      "zOrder": 58,
      "numberProperties": [],
      "stringProperties": [],
      "initialVariables": []
    },
    {
      "angle": 0,
      "customSize": true,
      "height": 32,
      "layer": "",
      "locked": false,
      "name": "Brick",
      "width": 68,
      "x": 1520,
      "y": 221,
      "zOrder": 59,
      "numberProperties": [],
      "stringProperties": [],
      "initialVariables": []
    },
    {
      "angle": 0,
      "customSize": true,
      "height": 32,
      "layer": "",
      "locked": false,
      "name": "Brick",
      "width": 68,
      "x": 1423,
      "y": 221,
      "zOrder": 59,
      "numberProperties": [],
      "stringProperties": [],
      "initialVariables": []
    },
    {
      "angle": 0,
      "customSize": true,
      "height": 32,
      "layer": "",
      "locked": false,
      "name": "Brick",
      "width": 248,
      "x": 1617,
      "y": 222,
      "zOrder": 60,
      "numberProperties": [],
      "stringProperties": [],
      "initialVariables": []
    },
    {
      "angle": 0,
      "customSize": true,
      "height": 37,
      "layer": "",
      "locked": false,
      "name": "Coin",
      "width": 37,
      "x": 1778,
      "y": 142,
      "zOrder": 61,
      "numberProperties": [],
      "stringProperties": [],
      "initialVariables": []
    },
    {
      "angle": 0,
      "customSize": true,
      "height": 37,
      "layer": "",
      "locked": false,
      "name": "Coin",
      "width": 37,
      "x": 923,
      "y": 284,
      "zOrder": 61,
      "numberProperties": [],
      "stringProperties": [],
      "initialVariables": []
    },
    {
      "angle": 0,
      "customSize": true,
      "height": 37,
      "layer": "",
      "locked": false,
      "name": "Coin",
      "width": 37,
      "x": 1012,
      "y": 281,
      "zOrder": 61,
      "numberProperties": [],
      "stringProperties": [],
      "initialVariables": []
    },
    {
      "angle": 0,
      "customSize": true,
      "height": 37,
      "layer": "",
      "locked": false,
      "name": "Coin",
      "width": 37,
      "x": 1207,
      "y": 223,
      "zOrder": 61,
      "numberProperties": [],
      "stringProperties": [],
      "initialVariables": []
    },
    {
      "angle": 0,
      "customSize": true,
      "height": 37,
      "layer": "",
      "locked": false,
      "name": "Coin",
      "width": 37,
      "x": 1342,
      "y": 172,
      "zOrder": 61,
      "numberProperties": [],
      "stringProperties": [],
      "initialVariables": []
    },
    {
      "angle": 0,
      "customSize": true,
      "height": 37,
      "layer": "",
      "locked": false,
      "name": "Coin",
      "width": 37,
      "x": 1537,
      "y": 152,
      "zOrder": 61,
      "numberProperties": [],
      "stringProperties": [],
      "initialVariables": []
    },
    {
      "angle": 0,
      "customSize": true,
      "height": 32,
      "layer": "",
      "locked": false,
      "name": "Brick",
      "width": 268,
      "x": 2664,
      "y": 219,
      "zOrder": 62,
      "numberProperties": [],
      "stringProperties": [],
      "initialVariables": []
    },
    {
      "angle": 0,
      "customSize": true,
      "height": 32,
      "layer": "",
      "locked": false,
      "name": "Brick",
      "width": 268,
      "x": 2007,
      "y": 223,
      "zOrder": 62,
      "numberProperties": [],
      "stringProperties": [],
      "initialVariables": []
    },
    {
      "angle": 0,
      "customSize": true,
      "height": 32,
      "layer": "",
      "locked": false,
      "name": "Brick",
      "width": 268,
      "x": 2340,
      "y": 221,
      "zOrder": 62,
      "numberProperties": [],
      "stringProperties": [],
      "initialVariables": []
    },
    {
      "angle": 0,
      "customSize": false,
      "height": 0,
      "layer": "UI",
      "locked": false,
      "name": "Lives",
      "width": 0,
      "x": 593,
      "y": 20,
      "zOrder": 63,
      "numberProperties": [],
      "stringProperties": [],
      "initialVariables": []
    },
    {
      "angle": 0,
      "customSize": false,
      "height": 0,
      "layer": "UI",
      "locked": false,
      "name": "livespoint",
      "width": 0,
      "x": 741,
      "y": 21,
      "zOrder": 64,
      "numberProperties": [],
      "stringProperties": [],
      "initialVariables": []
    },
    {
      "angle": 0,
      "customSize": true,
      "height": 32,
      "layer": "",
      "locked": false,
      "name": "NewObject",
      "width": 7072,
      "x": -2777,
      "y": 745,
      "zOrder": 65,
      "numberProperties": [],
      "stringProperties": [],
      "initialVariables": []
    },
    {
      "angle": 0,
      "customSize": false,
      "height": 0,
      "layer": "UI",
      "locked": false,
      "name": "ENTER",
      "width": 0,
      "x": 166,
      "y": 324,
      "zOrder": 68,
      "numberProperties": [],
      "stringProperties": [],
      "initialVariables": []
    }
  ],
  "objects": [
    {
      "name": "Player",
      "tags": "",
      "type": "Sprite",
      "updateIfNotVisible": false,
      "variables": [
        {
          "name": "Coins",
          "value": "0"
        },
        {
          "name": "Lives",
          "value": "3"
        }
      ],
      "behaviors": [
        {
          "name": "PlatformerObject",
          "type": "PlatformBehavior::PlatformerObjectBehavior",
          "acceleration": 1500,
          "canGrabPlatforms": false,
          "deceleration": 1500,
          "gravity": 1000,
          "ignoreDefaultControls": false,
          "jumpSpeed": 600,
          "jumpSustainTime": 0.2,
          "ladderClimbingSpeed": 150,
          "maxFallingSpeed": 700,
          "maxSpeed": 250,
          "roundCoordinates": true,
          "slopeMaxAngle": 60,
          "xGrabTolerance": 10,
          "yGrabOffset": 0
        }
      ],
      "animations": [
        {
          "name": "",
          "useMultipleDirections": false,
          "directions": [
            {
              "looping": false,
              "timeBetweenFrames": 0.08,
              "sprites": [
                {
                  "hasCustomCollisionMask": false,
                  "image": "p1_stand.png",
                  "points": [],
                  "originPoint": {
                    "name": "origine",
                    "x": 0,
                    "y": 0
                  },
                  "centerPoint": {
                    "automatic": true,
                    "name": "centre",
                    "x": 0,
                    "y": 0
                  },
                  "customCollisionMask": []
                }
              ]
            }
          ]
        },
        {
          "name": "",
          "useMultipleDirections": false,
          "directions": [
            {
              "looping": false,
              "timeBetweenFrames": 0.08,
              "sprites": [
                {
                  "hasCustomCollisionMask": false,
                  "image": "p1_jump.png",
                  "points": [],
                  "originPoint": {
                    "name": "origine",
                    "x": 0,
                    "y": 0
                  },
                  "centerPoint": {
                    "automatic": true,
                    "name": "centre",
                    "x": 0,
                    "y": 0
                  },
                  "customCollisionMask": []
                }
              ]
            }
          ]
        },
        {
          "name": "",
          "useMultipleDirections": false,
          "directions": [
            {
              "looping": true,
              "timeBetweenFrames": 0.02,
              "sprites": [
                {
                  "hasCustomCollisionMask": false,
                  "image": "p1_walk01.png",
                  "points": [],
                  "originPoint": {
                    "name": "origine",
                    "x": 0,
                    "y": 0
                  },
                  "centerPoint": {
                    "automatic": true,
                    "name": "centre",
                    "x": 0,
                    "y": 0
                  },
                  "customCollisionMask": []
                },
                {
                  "hasCustomCollisionMask": false,
                  "image": "p1_walk02.png",
                  "points": [],
                  "originPoint": {
                    "name": "origine",
                    "x": 0,
                    "y": 0
                  },
                  "centerPoint": {
                    "automatic": true,
                    "name": "centre",
                    "x": 0,
                    "y": 0
                  },
                  "customCollisionMask": []
                },
                {
                  "hasCustomCollisionMask": false,
                  "image": "p1_walk03.png",
                  "points": [],
                  "originPoint": {
                    "name": "origine",
                    "x": 0,
                    "y": 0
                  },
                  "centerPoint": {
                    "automatic": true,
                    "name": "centre",
                    "x": 0,
                    "y": 0
                  },
                  "customCollisionMask": []
                },
                {
                  "hasCustomCollisionMask": false,
                  "image": "p1_walk04.png",
                  "points": [],
                  "originPoint": {
                    "name": "origine",
                    "x": 0,
                    "y": 0
                  },
                  "centerPoint": {
                    "automatic": true,
                    "name": "centre",
                    "x": 0,
                    "y": 0
                  },
                  "customCollisionMask": []
                },
                {
                  "hasCustomCollisionMask": false,
                  "image": "p1_walk05.png",
                  "points": [],
                  "originPoint": {
                    "name": "origine",
                    "x": 0,
                    "y": 0
                  },
                  "centerPoint": {
                    "automatic": true,
                    "name": "centre",
                    "x": 0,
                    "y": 0
                  },
                  "customCollisionMask": []
                },
                {
                  "hasCustomCollisionMask": false,
                  "image": "p1_walk06.png",
                  "points": [],
                  "originPoint": {
                    "name": "origine",
                    "x": 0,
                    "y": 0
                  },
                  "centerPoint": {
                    "automatic": true,
                    "name": "centre",
                    "x": 0,
                    "y": 0
                  },
                  "customCollisionMask": []
                },
                {
                  "hasCustomCollisionMask": false,
                  "image": "p1_walk07.png",
                  "points": [],
                  "originPoint": {
                    "name": "origine",
                    "x": 0,
                    "y": 0
                  },
                  "centerPoint": {
                    "automatic": true,
                    "name": "centre",
                    "x": 0,
                    "y": 0
                  },
                  "customCollisionMask": []
                },
                {
                  "hasCustomCollisionMask": false,
                  "image": "p1_walk08.png",
                  "points": [],
                  "originPoint": {
                    "name": "origine",
                    "x": 0,
                    "y": 0
                  },
                  "centerPoint": {
                    "automatic": true,
                    "name": "centre",
                    "x": 0,
                    "y": 0
                  },
                  "customCollisionMask": []
                },
                {
                  "hasCustomCollisionMask": false,
                  "image": "p1_walk09.png",
                  "points": [],
                  "originPoint": {
                    "name": "origine",
                    "x": 0,
                    "y": 0
                  },
                  "centerPoint": {
                    "automatic": true,
                    "name": "centre",
                    "x": 0,
                    "y": 0
                  },
                  "customCollisionMask": []
                },
                {
                  "hasCustomCollisionMask": false,
                  "image": "p1_walk10.png",
                  "points": [],
                  "originPoint": {
                    "name": "origine",
                    "x": 0,
                    "y": 0
                  },
                  "centerPoint": {
                    "automatic": true,
                    "name": "centre",
                    "x": 0,
                    "y": 0
                  },
                  "customCollisionMask": []
                },
                {
                  "hasCustomCollisionMask": false,
                  "image": "p1_walk11.png",
                  "points": [],
                  "originPoint": {
                    "name": "origine",
                    "x": 0,
                    "y": 0
                  },
                  "centerPoint": {
                    "automatic": true,
                    "name": "centre",
                    "x": 0,
                    "y": 0
                  },
                  "customCollisionMask": []
                }
              ]
            }
          ]
        }
      ]
    },
    {
      "height": 32,
      "name": "Base",
      "tags": "",
      "texture": "grassHalfMid.png",
      "type": "TiledSpriteObject::TiledSprite",
      "width": 32,
      "variables": [],
      "behaviors": [
        {
          "name": "Platform",
          "type": "PlatformBehavior::PlatformBehavior",
          "canBeGrabbed": true,
          "platformType": "NormalPlatform",
          "yGrabOffset": 0
        }
      ]
    },
    {
      "height": 32,
      "name": "Base2",
      "tags": "",
      "texture": "Grass.png",
      "type": "TiledSpriteObject::TiledSprite",
      "width": 32,
      "variables": [],
      "behaviors": []
    },
    {
      "height": 32,
      "name": "Wall",
      "tags": "",
      "texture": "castleCenter.png",
      "type": "TiledSpriteObject::TiledSprite",
      "width": 32,
      "variables": [],
      "behaviors": [
        {
          "name": "Platform",
          "type": "PlatformBehavior::PlatformBehavior",
          "canBeGrabbed": true,
          "platformType": "NormalPlatform",
          "yGrabOffset": 0
        }
      ]
    },
    {
      "height": 32,
      "name": "Coin",
      "tags": "",
      "texture": "coinGold.png",
      "type": "TiledSpriteObject::TiledSprite",
      "width": 32,
      "variables": [],
      "behaviors": []
    },
    {
      "height": 32,
      "name": "Brick",
      "tags": "",
      "texture": "brickWall.png",
      "type": "TiledSpriteObject::TiledSprite",
      "width": 32,
      "variables": [],
      "behaviors": [
        {
          "name": "Platform",
          "type": "PlatformBehavior::PlatformBehavior",
          "canBeGrabbed": true,
          "platformType": "NormalPlatform",
          "yGrabOffset": 0
        }
      ]
    },
    {
      "bold": true,
      "italic": false,
      "name": "Coins",
      "smoothed": true,
      "tags": "",
      "type": "TextObject::Text",
      "underlined": false,
      "variables": [
        {
          "name": "",
          "value": ""
        }
      ],
      "behaviors": [],
      "string": "Coins:",
      "font": "",
      "characterSize": 50,
      "color": {
        "b": 0,
        "g": 0,
        "r": 0
      }
    },
    {
      "bold": true,
      "italic": false,
      "name": "POints",
      "smoothed": true,
      "tags": "",
      "type": "TextObject::Text",
      "underlined": false,
      "variables": [],
      "behaviors": [],
      "string": "0",
      "font": "",
      "characterSize": 50,
      "color": {
        "b": 0,
        "g": 0,
        "r": 0
      }
    },
    {
      "bold": true,
      "italic": false,
      "name": "Level",
      "smoothed": true,
      "tags": "",
      "type": "TextObject::Text",
      "underlined": false,
      "variables": [],
      "behaviors": [],
      "string": "Level \n    1",
      "font": "",
      "characterSize": 70,
      "color": {
        "b": 12,
        "g": 12,
        "r": 12
      }
    },
    {
      "name": "Flyenemy",
      "tags": "",
      "type": "Sprite",
      "updateIfNotVisible": false,
      "variables": [],
      "behaviors": [],
      "animations": [
        {
          "name": "",
          "useMultipleDirections": false,
          "directions": [
            {
              "looping": true,
              "timeBetweenFrames": 0.08,
              "sprites": [
                {
                  "hasCustomCollisionMask": false,
                  "image": "flyFly1.png",
                  "points": [],
                  "originPoint": {
                    "name": "origine",
                    "x": 0,
                    "y": 0
                  },
                  "centerPoint": {
                    "automatic": true,
                    "name": "centre",
                    "x": 0,
                    "y": 0
                  },
                  "customCollisionMask": []
                },
                {
                  "hasCustomCollisionMask": false,
                  "image": "flyFly2.png",
                  "points": [],
                  "originPoint": {
                    "name": "origine",
                    "x": 0,
                    "y": 0
                  },
                  "centerPoint": {
                    "automatic": true,
                    "name": "centre",
                    "x": 0,
                    "y": 0
                  },
                  "customCollisionMask": []
                }
              ]
            }
          ]
        }
      ]
    },
    {
      "height": 32,
      "name": "Left",
      "tags": "",
      "texture": "Left.png",
      "type": "TiledSpriteObject::TiledSprite",
      "width": 32,
      "variables": [],
      "behaviors": []
    },
    {
      "height": 32,
      "name": "Right",
      "tags": "",
      "texture": "Right.png",
      "type": "TiledSpriteObject::TiledSprite",
      "width": 32,
      "variables": [],
      "behaviors": []
    },
    {
      "bold": false,
      "italic": false,
      "name": "textnotice",
      "smoothed": true,
      "tags": "",
      "type": "TextObject::Text",
      "underlined": false,
      "variables": [],
      "behaviors": [],
      "string": "TRY TO COLLECT ALL THE COINS ON THE WAY!!!!",
      "font": "",
      "characterSize": 30,
      "color": {
        "b": 0,
        "g": 0,
        "r": 0
      }
    },
    {
      "height": 32,
      "name": "sky",
      "tags": "",
      "texture": "sky-blue-vector.jpg",
      "type": "TiledSpriteObject::TiledSprite",
      "width": 32,
      "variables": [],
      "behaviors": []
    },
    {
      "height": 32,
      "name": "bridge1",
      "tags": "",
      "texture": "bridge.png",
      "type": "TiledSpriteObject::TiledSprite",
      "width": 32,
      "variables": [],
      "behaviors": [
        {
          "name": "Platform",
          "type": "PlatformBehavior::PlatformBehavior",
          "canBeGrabbed": true,
          "platformType": "NormalPlatform",
          "yGrabOffset": 0
        }
      ]
    },
    {
      "height": 32,
      "name": "bridge2",
      "tags": "",
      "texture": "bridgeLogs.png",
      "type": "TiledSpriteObject::TiledSprite",
      "width": 32,
      "variables": [],
      "behaviors": []
    },
    {
      "height": 32,
      "name": "NewObject",
      "tags": "",
      "texture": "PlayerArea.png",
      "type": "TiledSpriteObject::TiledSprite",
      "width": 32,
      "variables": [],
      "behaviors": []
    },
    {
      "bold": true,
      "italic": false,
      "name": "DEAD",
      "smoothed": true,
      "tags": "",
      "type": "TextObject::Text",
      "underlined": false,
      "variables": [],
      "behaviors": [],
      "string": "YOU DIED :(",
      "font": "",
      "characterSize": 70,
      "color": {
        "b": 0,
        "g": 0,
        "r": 0
      }
    },
    {
      "height": 32,
      "name": "dead",
      "tags": "",
      "texture": "coin stick.png",
      "type": "TiledSpriteObject::TiledSprite",
      "width": 32,
      "variables": [],
      "behaviors": []
    },
    {
      "bold": true,
      "italic": true,
      "name": "BACK",
      "smoothed": true,
      "tags": "",
      "type": "TextObject::Text",
      "underlined": false,
      "variables": [],
      "behaviors": [],
      "string": "BACK",
      "font": "",
      "characterSize": 30,
      "color": {
        "b": 0,
        "g": 0,
        "r": 0
      }
    },
    {
      "height": 32,
      "name": "NewObject2",
      "tags": "",
      "texture": "images (1).jpg",
      "type": "TiledSpriteObject::TiledSprite",
      "width": 32,
      "variables": [],
      "behaviors": []
    },
    {
      "bold": true,
      "italic": false,
      "name": "Lives",
      "smoothed": true,
      "tags": "",
      "type": "TextObject::Text",
      "underlined": false,
      "variables": [],
      "behaviors": [],
      "string": "Lives:",
      "font": "",
      "characterSize": 50,
      "color": {
        "b": 0,
        "g": 0,
        "r": 0
      }
    },
    {
      "bold": true,
      "italic": false,
      "name": "livespoint",
      "smoothed": true,
      "tags": "",
      "type": "TextObject::Text",
      "underlined": false,
      "variables": [],
      "behaviors": [],
      "string": "2",
      "font": "",
      "characterSize": 50,
      "color": {
        "b": 0,
        "g": 0,
        "r": 0
      }
    },
    {
      "bold": true,
      "italic": false,
      "name": "ENTER",
      "smoothed": true,
      "tags": "",
      "type": "TextObject::Text",
      "underlined": false,
      "variables": [],
      "behaviors": [],
      "string": "PRESS ENTER TO PLAY",
      "font": "",
      "characterSize": 40,
      "color": {
        "b": 7,
        "g": 7,
        "r": 7
      }
    }
  ],
  "events": [
    {
      "disabled": false,
      "folded": false,
      "type": "BuiltinCommonInstructions::Standard",
      "conditions": [],
      "actions": [],
      "events": []
    },
    {
      "disabled": false,
      "folded": false,
      "type": "BuiltinCommonInstructions::Standard",
      "conditions": [
        {
          "type": {
            "inverted": false,
            "value": "PlatformBehavior::IsOnFloor"
          },
          "parameters": [
            "Player",
            "PlatformerObject"
          ],
          "subInstructions": []
        },
        {
          "type": {
            "inverted": false,
            "value": "PlatformBehavior::IsMoving"
          },
          "parameters": [
            "Player",
            "PlatformerObject"
          ],
          "subInstructions": []
        }
      ],
      "actions": [
        {
          "type": {
            "inverted": false,
            "value": "ChangeAnimation"
          },
          "parameters": [
            "Player",
            "=",
            "2"
          ],
          "subInstructions": []
        }
      ],
      "events": []
    },
    {
      "disabled": false,
      "folded": false,
      "type": "BuiltinCommonInstructions::Standard",
      "conditions": [
        {
          "type": {
            "inverted": false,
            "value": "PlatformBehavior::IsOnFloor"
          },
          "parameters": [
            "Player",
            "PlatformerObject"
          ],
          "subInstructions": []
        },
        {
          "type": {
            "inverted": true,
            "value": "PlatformBehavior::IsMoving"
          },
          "parameters": [
            "Player",
            "PlatformerObject"
          ],
          "subInstructions": []
        }
      ],
      "actions": [
        {
          "type": {
            "inverted": false,
            "value": "ChangeAnimation"
          },
          "parameters": [
            "Player",
            "=",
            "0"
          ],
          "subInstructions": []
        }
      ],
      "events": []
    },
    {
      "disabled": false,
      "folded": false,
      "type": "BuiltinCommonInstructions::Standard",
      "conditions": [
        {
          "type": {
            "inverted": false,
            "value": "PlatformBehavior::IsJumping"
          },
          "parameters": [
            "Player",
            "PlatformerObject"
          ],
          "subInstructions": []
        }
      ],
      "actions": [
        {
          "type": {
            "inverted": false,
            "value": "ChangeAnimation"
          },
          "parameters": [
            "Player",
            "=",
            "1"
          ],
          "subInstructions": []
        }
      ],
      "events": []
    },
    {
      "disabled": false,
      "folded": false,
      "type": "BuiltinCommonInstructions::Standard",
      "conditions": [
        {
          "type": {
            "inverted": false,
            "value": "KeyPressed"
          },
          "parameters": [
            "",
            "Left"
          ],
          "subInstructions": []
        }
      ],
      "actions": [
        {
          "type": {
            "inverted": false,
            "value": "FlipX"
          },
          "parameters": [
            "Player",
            "yes"
          ],
          "subInstructions": []
        }
      ],
      "events": []
    },
    {
      "disabled": false,
      "folded": false,
      "type": "BuiltinCommonInstructions::Standard",
      "conditions": [
        {
          "type": {
            "inverted": false,
            "value": "KeyPressed"
          },
          "parameters": [
            "",
            "Right"
          ],
          "subInstructions": []
        }
      ],
      "actions": [
        {
          "type": {
            "inverted": false,
            "value": "FlipX"
          },
          "parameters": [
            "Player",
            "no"
          ],
          "subInstructions": []
        }
      ],
      "events": []
    },
    {
      "disabled": false,
      "folded": false,
      "type": "BuiltinCommonInstructions::Standard",
      "conditions": [],
      "actions": [
        {
          "type": {
            "inverted": false,
            "value": "CameraX"
          },
          "parameters": [
            "",
            "=",
            "Player.X()",
            "",
            ""
          ],
          "subInstructions": []
        },
        {
          "type": {
            "inverted": false,
            "value": "Cache"
          },
          "parameters": [
            "Left"
          ],
          "subInstructions": []
        },
        {
          "type": {
            "inverted": false,
            "value": "Cache"
          },
          "parameters": [
            "Right"
          ],
          "subInstructions": []
        },
        {
          "type": {
            "inverted": false,
            "value": "Cache"
          },
          "parameters": [
            "DEAD"
          ],
          "subInstructions": []
        },
        {
          "type": {
            "inverted": false,
            "value": "Cache"
          },
          "parameters": [
            "ENTER"
          ],
          "subInstructions": []
        }
      ],
      "events": []
    },
    {
      "disabled": false,
      "folded": false,
      "type": "BuiltinCommonInstructions::Standard",
      "conditions": [
        {
          "type": {
            "inverted": false,
            "value": "CollisionNP"
          },
          "parameters": [
            "Player",
            "Coin",
            "",
            "",
            "yes"
          ],
          "subInstructions": []
        }
      ],
      "actions": [
        {
          "type": {
            "inverted": false,
            "value": "Delete"
          },
          "parameters": [
            "Coin",
            "Coin"
          ],
          "subInstructions": []
        },
        {
          "type": {
            "inverted": false,
            "value": "ModVarObjet"
          },
          "parameters": [
            "Player",
            "Coins",
            "+",
            "1"
          ],
          "subInstructions": []
        },
        {
          "type": {
            "inverted": false,
            "value": "TextObject::String"
          },
          "parameters": [
            "POints",
            "=",
            "Player.VariableString(Coins)"
          ],
          "subInstructions": []
        }
      ],
      "events": []
    },
    {
      "disabled": false,
      "folded": false,
      "type": "BuiltinCommonInstructions::Standard",
      "conditions": [
        {
          "type": {
            "inverted": false,
            "value": "CollisionNP"
          },
          "parameters": [
            "Flyenemy",
            "Left",
            "",
            "",
            ""
          ],
          "subInstructions": []
        }
      ],
      "actions": [
        {
          "type": {
            "inverted": false,
            "value": "Arreter"
          },
          "parameters": [
            "Flyenemy"
          ],
          "subInstructions": []
        },
        {
          "type": {
            "inverted": false,
            "value": "AddForceVers"
          },
          "parameters": [
            "Flyenemy",
            "Right",
            "200",
            "1"
          ],
          "subInstructions": []
        }
      ],
      "events": []
    },
    {
      "disabled": false,
      "folded": false,
      "type": "BuiltinCommonInstructions::Standard",
      "conditions": [
        {
          "type": {
            "inverted": false,
            "value": "CollisionNP"
          },
          "parameters": [
            "Flyenemy",
            "Right",
            "",
            "",
            ""
          ],
          "subInstructions": []
        }
      ],
      "actions": [
        {
          "type": {
            "inverted": false,
            "value": "Arreter"
          },
          "parameters": [
            "Flyenemy"
          ],
          "subInstructions": []
        },
        {
          "type": {
            "inverted": false,
            "value": "AddForceVers"
          },
          "parameters": [
            "Flyenemy",
            "Left",
            "200",
            "1"
          ],
          "subInstructions": []
        }
      ],
      "events": []
    },
    {
      "disabled": false,
      "folded": false,
      "type": "BuiltinCommonInstructions::Standard",
      "conditions": [
        {
          "type": {
            "inverted": false,
            "value": "CollisionNP"
          },
          "parameters": [
            "Player",
            "Flyenemy",
            "",
            "",
            ""
          ],
          "subInstructions": []
        }
      ],
      "actions": [],
      "events": []
    },
    {
      "disabled": false,
      "folded": false,
      "type": "BuiltinCommonInstructions::Standard",
      "conditions": [
        {
          "type": {
            "inverted": false,
            "value": "CollisionNP"
          },
          "parameters": [
            "Player",
            "NewObject",
            "",
            "",
            ""
          ],
          "subInstructions": []
        }
      ],
      "actions": [
        {
          "type": {
            "inverted": false,
            "value": "Montre"
          },
          "parameters": [
            "DEAD",
            ""
          ],
          "subInstructions": []
        },
        {
          "type": {
            "inverted": false,
            "value": "ChangeTimeScale"
          },
          "parameters": [
            "",
            "\"0\""
          ],
          "subInstructions": []
        }
      ],
      "events": []
    },
    {
      "disabled": false,
      "folded": false,
      "type": "BuiltinCommonInstructions::Standard",
      "conditions": [
        {
          "type": {
            "inverted": false,
            "value": "CollisionNP"
          },
          "parameters": [
            "Player",
            "NewObject",
            "",
            "",
            ""
          ],
          "subInstructions": []
        }
      ],
      "actions": [
        {
          "type": {
            "inverted": false,
            "value": "Montre"
          },
          "parameters": [
            "ENTER",
            ""
          ],
          "subInstructions": []
        },
        {
          "type": {
            "inverted": false,
            "value": "ChangeTimeScale"
          },
          "parameters": [
            "",
            "0"
          ],
          "subInstructions": []
        }
      ],
      "events": []
    },
    {
      "disabled": false,
      "folded": false,
      "type": "BuiltinCommonInstructions::Standard",
      "conditions": [
        {
          "type": {
            "inverted": true,
            "value": "SourisSurObjet"
          },
          "parameters": [
            "BACK",
            "",
            "",
            ""
          ],
          "subInstructions": []
        }
      ],
      "actions": [
        {
          "type": {
            "inverted": false,
            "value": "TextObject::ChangeColor"
          },
          "parameters": [
            "BACK",
            "\"0;0;0\""
          ],
          "subInstructions": []
        }
      ],
      "events": []
    },
    {
      "disabled": false,
      "folded": false,
      "type": "BuiltinCommonInstructions::Standard",
      "conditions": [
        {
          "type": {
            "inverted": false,
            "value": "SourisSurObjet"
          },
          "parameters": [
            "BACK",
            "",
            "",
            ""
          ],
          "subInstructions": []
        },
        {
          "type": {
            "inverted": false,
            "value": "SourisBouton"
          },
          "parameters": [
            "",
            "Left"
          ],
          "subInstructions": []
        }
      ],
      "actions": [
        {
          "type": {
            "inverted": false,
            "value": "TextObject::ChangeColor"
          },
          "parameters": [
            "BACK",
            "\"250;10;10\""
          ],
          "subInstructions": []
        },
        {
          "type": {
            "inverted": false,
            "value": "Scene"
          },
          "parameters": [
            "",
            "\"MENUS\"",
            ""
          ],
          "subInstructions": []
        }
      ],
      "events": []
    },
    {
      "disabled": false,
      "folded": false,
      "type": "BuiltinCommonInstructions::Standard",
      "conditions": [
        {
          "type": {
            "inverted": true,
            "value": "SourisSurObjet"
          },
          "parameters": [
            "ENTER",
            "",
            "",
            ""
          ],
          "subInstructions": []
        }
      ],
      "actions": [
        {
          "type": {
            "inverted": false,
            "value": "TextObject::ChangeColor"
          },
          "parameters": [
            "ENTER",
            "\"3;3;3\""
          ],
          "subInstructions": []
        }
      ],
      "events": []
    },
    {
      "disabled": false,
      "folded": false,
      "type": "BuiltinCommonInstructions::Standard",
      "conditions": [
        {
          "type": {
            "inverted": false,
            "value": "SourisSurObjet"
          },
          "parameters": [
            "ENTER",
            "",
            "",
            ""
          ],
          "subInstructions": []
        },
        {
          "type": {
            "inverted": false,
            "value": "SourisBouton"
          },
          "parameters": [
            "",
            "Left"
          ],
          "subInstructions": []
        }
      ],
      "actions": [
        {
          "type": {
            "inverted": false,
            "value": "TextObject::ChangeColor"
          },
          "parameters": [
            "ENTER",
            "\"250;19;19\""
          ],
          "subInstructions": []
        },
        {
          "type": {
            "inverted": false,
            "value": "Scene"
          },
          "parameters": [
            "",
            "\"GAME3\"",
            ""
          ],
          "subInstructions": []
        }
      ],
      "events": []
    }
  ],
  "layers": [
    {
      "name": "",
      "visibility": true,
      "cameras": [
        {
          "defaultSize": true,
          "defaultViewport": true,
          "height": 0,
          "viewportBottom": 1,
          "viewportLeft": 0,
          "viewportRight": 1,
          "viewportTop": 0,
          "width": 0
        }
      ],
      "effects": []
    },
    {
      "name": "UI",
      "visibility": true,
      "cameras": [],
      "effects": []
    },
    {
      "name": "Layer",
      "visibility": true,
      "cameras": [],
      "effects": []
    }
  ],
  "behaviorsSharedData": [
    {
      "name": "Platform",
      "type": "PlatformBehavior::PlatformBehavior"
    },
    {
      "name": "PlatformerObject",
      "type": "PlatformBehavior::PlatformerObjectBehavior"
    }
  ]
}