{
  "b": 209,
  "disableInputWhenNotFocused": true,
  "mangledName": "level2",
  "name": "level2",
  "oglFOV": 90,
  "oglZFar": 500,
  "oglZNear": 1,
  "r": 209,
  "standardSortMethod": true,
  "stopSoundsOnStartup": true,
  "title": "",
  "v": 209,
  "uiSettings": {
    "grid": false,
    "gridB": 255,
    "gridG": 180,
    "gridHeight": 100,
    "gridOffsetX": 0,
    "gridOffsetY": 0,
    "gridR": 158,
    "gridWidth": 100,
    "snap": false,
    "windowMask": false,
    "zoomFactor": 0.226
  },
  "objectsGroups": [
    {
      "name": "Group",
      "objects": [
        {
          "name": "Lives"
        },
        {
          "name": "livespoint"
        }
      ]
    },
    {
      "name": "Group2",
      "objects": [
        {
          "name": "Base"
        },
        {
          "name": "Base2"
        },
        {
          "name": "Brick"
        },
        {
          "name": "Wall"
        },
        {
          "name": "bridge1"
        },
        {
          "name": "bridge2"
        }
      ]
    }
  ],
  "variables": [],
  "instances": [
    {
      "angle": 0,
      "customSize": true,
      "height": 83,
      "layer": "UI",
      "locked": false,
      "name": "Coins",
      "width": 224,
      "x": 19,
      "y": 25,
      "zOrder": 12,
      "numberProperties": [],
      "stringProperties": [],
      "initialVariables": []
    },
    {
      "angle": 0,
      "customSize": false,
      "height": 0,
      "layer": "UI",
      "locked": false,
      "name": "POints",
      "width": 0,
      "x": 180,
      "y": 27,
      "zOrder": 18,
      "numberProperties": [],
      "stringProperties": [],
      "initialVariables": []
    },
    {
      "angle": 0,
      "customSize": false,
      "height": 0,
      "layer": "UI",
      "locked": false,
      "name": "DEAD",
      "width": 0,
      "x": 202,
      "y": 210,
      "zOrder": 53,
      "numberProperties": [],
      "stringProperties": [],
      "initialVariables": []
    },
    {
      "angle": 0,
      "customSize": true,
      "height": 32,
      "layer": "",
      "locked": false,
      "name": "NewObject",
      "width": 10400,
      "x": -6663,
      "y": 1232,
      "zOrder": 65,
      "numberProperties": [],
      "stringProperties": [],
      "initialVariables": []
    },
    {
      "angle": 0,
      "customSize": false,
      "height": 0,
      "layer": "UI",
      "locked": false,
      "name": "ENTERPLAY",
      "width": 0,
      "x": 183,
      "y": 343,
      "zOrder": 67,
      "numberProperties": [],
      "stringProperties": [],
      "initialVariables": []
    },
    {
      "angle": 0,
      "customSize": true,
      "height": 3039,
      "layer": "",
      "locked": false,
      "name": "BACKGROUND",
      "width": 11858,
      "x": -7200,
      "y": -1600,
      "zOrder": 56,
      "numberProperties": [],
      "stringProperties": [],
      "initialVariables": []
    },
    {
      "angle": 0,
      "customSize": true,
      "height": 30,
      "layer": "",
      "locked": false,
      "name": "Wall",
      "width": 68,
      "x": -3733,
      "y": 465,
      "zOrder": 81,
      "numberProperties": [],
      "stringProperties": [],
      "initialVariables": []
    },
    {
      "angle": 0,
      "customSize": true,
      "height": 2580,
      "layer": "",
      "locked": false,
      "name": "Wall",
      "width": 300,
      "x": -6784,
      "y": -1442,
      "zOrder": 82,
      "numberProperties": [],
      "stringProperties": [],
      "initialVariables": []
    },
    {
      "angle": 0,
      "customSize": true,
      "height": 58,
      "layer": "",
      "locked": false,
      "name": "Wall",
      "width": 1444,
      "x": -6951,
      "y": 512,
      "zOrder": 81,
      "numberProperties": [],
      "stringProperties": [],
      "initialVariables": []
    },
    {
      "angle": 0,
      "customSize": true,
      "height": 30,
      "layer": "",
      "locked": false,
      "name": "Wall",
      "width": 308,
      "x": -5509,
      "y": 581,
      "zOrder": 81,
      "numberProperties": [],
      "stringProperties": [],
      "initialVariables": []
    },
    {
      "angle": 0,
      "customSize": true,
      "height": 37,
      "layer": "",
      "locked": false,
      "name": "Coin",
      "width": 38,
      "x": -5050,
      "y": 526,
      "zOrder": 84,
      "numberProperties": [],
      "stringProperties": [],
      "initialVariables": []
    },
    {
      "angle": 0,
      "customSize": true,
      "height": 37,
      "layer": "",
      "locked": false,
      "name": "Coin",
      "width": 38,
      "x": -5451,
      "y": 527,
      "zOrder": 84,
      "numberProperties": [],
      "stringProperties": [],
      "initialVariables": []
    },
    {
      "angle": 0,
      "customSize": true,
      "height": 30,
      "layer": "",
      "locked": false,
      "name": "Wall",
      "width": 308,
      "x": -5088,
      "y": 581,
      "zOrder": 81,
      "numberProperties": [],
      "stringProperties": [],
      "initialVariables": []
    },
    {
      "angle": 0,
      "customSize": true,
      "height": 30,
      "layer": "",
      "locked": false,
      "name": "Wall",
      "width": 308,
      "x": -4672,
      "y": 580,
      "zOrder": 81,
      "numberProperties": [],
      "stringProperties": [],
      "initialVariables": []
    },
    {
      "angle": 0,
      "customSize": true,
      "height": 37,
      "layer": "",
      "locked": false,
      "name": "Coin",
      "width": 38,
      "x": -3546,
      "y": 446,
      "zOrder": 84,
      "numberProperties": [],
      "stringProperties": [],
      "initialVariables": []
    },
    {
      "angle": 0,
      "customSize": true,
      "height": 37,
      "layer": "",
      "locked": false,
      "name": "Coin",
      "width": 38,
      "x": -5334,
      "y": 527,
      "zOrder": 84,
      "numberProperties": [],
      "stringProperties": [],
      "initialVariables": []
    },
    {
      "angle": 0,
      "customSize": true,
      "height": 37,
      "layer": "",
      "locked": false,
      "name": "Coin",
      "width": 38,
      "x": -4903,
      "y": 527,
      "zOrder": 84,
      "numberProperties": [],
      "stringProperties": [],
      "initialVariables": []
    },
    {
      "angle": 0,
      "customSize": true,
      "height": 37,
      "layer": "",
      "locked": false,
      "name": "Coin",
      "width": 38,
      "x": -4639,
      "y": 526,
      "zOrder": 84,
      "numberProperties": [],
      "stringProperties": [],
      "initialVariables": []
    },
    {
      "angle": 0,
      "customSize": true,
      "height": 30,
      "layer": "",
      "locked": false,
      "name": "Wall",
      "width": 308,
      "x": -4246,
      "y": 579,
      "zOrder": 81,
      "numberProperties": [],
      "stringProperties": [],
      "initialVariables": []
    },
    {
      "angle": 0,
      "customSize": true,
      "height": 30,
      "layer": "",
      "locked": false,
      "name": "Wall",
      "width": 68,
      "x": -3939,
      "y": 550,
      "zOrder": 81,
      "numberProperties": [],
      "stringProperties": [],
      "initialVariables": []
    },
    {
      "angle": 0,
      "customSize": true,
      "height": 30,
      "layer": "",
      "locked": false,
      "name": "Wall",
      "width": 68,
      "x": -3870,
      "y": 522,
      "zOrder": 81,
      "numberProperties": [],
      "stringProperties": [],
      "initialVariables": []
    },
    {
      "angle": 0,
      "customSize": true,
      "height": 30,
      "layer": "",
      "locked": false,
      "name": "Wall",
      "width": 68,
      "x": -3801,
      "y": 493,
      "zOrder": 81,
      "numberProperties": [],
      "stringProperties": [],
      "initialVariables": []
    },
    {
      "angle": 0,
      "customSize": false,
      "height": 0,
      "layer": "",
      "locked": false,
      "name": "Level",
      "width": 0,
      "x": -6119,
      "y": 205,
      "zOrder": 57,
      "numberProperties": [],
      "stringProperties": [],
      "initialVariables": []
    },
    {
      "angle": 0,
      "customSize": true,
      "height": 32,
      "layer": "",
      "locked": false,
      "name": "Base",
      "width": 153,
      "x": -1094,
      "y": 499,
      "zOrder": 85,
      "numberProperties": [],
      "stringProperties": [],
      "initialVariables": []
    },
    {
      "angle": 0,
      "customSize": true,
      "height": 32,
      "layer": "",
      "locked": false,
      "name": "Base",
      "width": 372,
      "x": -3600,
      "y": 500,
      "zOrder": 85,
      "numberProperties": [],
      "stringProperties": [],
      "initialVariables": []
    },
    {
      "angle": 0,
      "customSize": true,
      "height": 3039,
      "layer": "",
      "locked": false,
      "name": "BACKGROUND",
      "width": 11858,
      "x": -7409,
      "y": -1584,
      "zOrder": 56,
      "numberProperties": [],
      "stringProperties": [],
      "initialVariables": []
    },
    {
      "angle": 0,
      "customSize": true,
      "height": 32,
      "layer": "",
      "locked": false,
      "name": "Base",
      "width": 372,
      "x": -3300,
      "y": 500,
      "zOrder": 85,
      "numberProperties": [],
      "stringProperties": [],
      "initialVariables": []
    },
    {
      "angle": 0,
      "customSize": true,
      "height": 32,
      "layer": "",
      "locked": false,
      "name": "Base",
      "width": 372,
      "x": -3000,
      "y": 500,
      "zOrder": 85,
      "numberProperties": [],
      "stringProperties": [],
      "initialVariables": []
    },
    {
      "angle": 0,
      "customSize": true,
      "height": 32,
      "layer": "",
      "locked": false,
      "name": "Wall",
      "width": 83,
      "x": -2832,
      "y": 467,
      "zOrder": 86,
      "numberProperties": [],
      "stringProperties": [],
      "initialVariables": []
    },
    {
      "angle": 0,
      "customSize": true,
      "height": 37,
      "layer": "",
      "locked": false,
      "name": "Coin",
      "width": 38,
      "x": -4509,
      "y": 527,
      "zOrder": 84,
      "numberProperties": [],
      "stringProperties": [],
      "initialVariables": []
    },
    {
      "angle": 0,
      "customSize": true,
      "height": 37,
      "layer": "",
      "locked": false,
      "name": "Coin",
      "width": 38,
      "x": 1042,
      "y": 939,
      "zOrder": 84,
      "numberProperties": [],
      "stringProperties": [],
      "initialVariables": []
    },
    {
      "angle": 0,
      "customSize": true,
      "height": 32,
      "layer": "",
      "locked": false,
      "name": "Brick",
      "width": 332,
      "x": -3212,
      "y": 467,
      "zOrder": 87,
      "numberProperties": [],
      "stringProperties": [],
      "initialVariables": []
    },
    {
      "angle": 0,
      "customSize": true,
      "height": 32,
      "layer": "",
      "locked": false,
      "name": "Wall",
      "width": 83,
      "x": -3386,
      "y": 468,
      "zOrder": 86,
      "numberProperties": [],
      "stringProperties": [],
      "initialVariables": []
    },
    {
      "angle": 0,
      "customSize": true,
      "height": 32,
      "layer": "",
      "locked": false,
      "name": "Base",
      "width": 372,
      "x": -2800,
      "y": 500,
      "zOrder": 85,
      "numberProperties": [],
      "stringProperties": [],
      "initialVariables": []
    },
    {
      "angle": 0,
      "customSize": true,
      "height": 32,
      "layer": "",
      "locked": false,
      "name": "Base",
      "width": 372,
      "x": -2275,
      "y": 498,
      "zOrder": 85,
      "numberProperties": [],
      "stringProperties": [],
      "initialVariables": []
    },
    {
      "angle": 0,
      "customSize": true,
      "height": 32,
      "layer": "",
      "locked": false,
      "name": "Base",
      "width": 123,
      "x": -1769,
      "y": 497,
      "zOrder": 85,
      "numberProperties": [],
      "stringProperties": [],
      "initialVariables": []
    },
    {
      "angle": 0,
      "customSize": true,
      "height": 32,
      "layer": "",
      "locked": false,
      "name": "Base",
      "width": 123,
      "x": -1530,
      "y": 497,
      "zOrder": 85,
      "numberProperties": [],
      "stringProperties": [],
      "initialVariables": []
    },
    {
      "angle": 0,
      "customSize": true,
      "height": 37,
      "layer": "",
      "locked": false,
      "name": "Coin",
      "width": 38,
      "x": -2233.78,
      "y": 119.74,
      "zOrder": 84,
      "numberProperties": [],
      "stringProperties": [],
      "initialVariables": []
    },
    {
      "angle": 0,
      "customSize": true,
      "height": 37,
      "layer": "",
      "locked": false,
      "name": "Coin",
      "width": 38,
      "x": -3472,
      "y": 446,
      "zOrder": 84,
      "numberProperties": [],
      "stringProperties": [],
      "initialVariables": []
    },
    {
      "angle": 0,
      "customSize": true,
      "height": 37,
      "layer": "",
      "locked": false,
      "name": "Coin",
      "width": 38,
      "x": -2370,
      "y": 410,
      "zOrder": 84,
      "numberProperties": [],
      "stringProperties": [],
      "initialVariables": []
    },
    {
      "angle": 0,
      "customSize": true,
      "height": 37,
      "layer": "",
      "locked": false,
      "name": "Coin",
      "width": 38,
      "x": -1861,
      "y": 407,
      "zOrder": 84,
      "numberProperties": [],
      "stringProperties": [],
      "initialVariables": []
    },
    {
      "angle": 0,
      "customSize": false,
      "height": 0,
      "layer": "",
      "locked": false,
      "name": "notice2",
      "width": 0,
      "x": -1115,
      "y": 311,
      "zOrder": 88,
      "numberProperties": [],
      "stringProperties": [],
      "initialVariables": []
    },
    {
      "angle": 0,
      "customSize": true,
      "height": 32,
      "layer": "",
      "locked": false,
      "name": "Base",
      "width": 69,
      "x": -1274,
      "y": 494,
      "zOrder": 85,
      "numberProperties": [],
      "stringProperties": [],
      "initialVariables": []
    },
    {
      "angle": 0,
      "customSize": true,
      "height": 32,
      "layer": "",
      "locked": false,
      "name": "Wall",
      "width": 1438,
      "x": -991,
      "y": 990,
      "zOrder": 90,
      "numberProperties": [],
      "stringProperties": [],
      "initialVariables": []
    },
    {
      "angle": 0,
      "customSize": true,
      "height": 193,
      "layer": "",
      "locked": false,
      "name": "ROUGHBK",
      "width": 4735,
      "x": -782,
      "y": 804,
      "zOrder": 57,
      "numberProperties": [],
      "stringProperties": [],
      "initialVariables": []
    },
    {
      "angle": 0,
      "customSize": true,
      "height": 32,
      "layer": "",
      "locked": false,
      "name": "Brick",
      "width": 69,
      "x": 210,
      "y": 957,
      "zOrder": 91,
      "numberProperties": [],
      "stringProperties": [],
      "initialVariables": []
    },
    {
      "angle": 0,
      "customSize": true,
      "height": 32,
      "layer": "",
      "locked": false,
      "name": "Base",
      "width": 792,
      "x": 594,
      "y": 988,
      "zOrder": 92,
      "numberProperties": [],
      "stringProperties": [],
      "initialVariables": []
    },
    {
      "angle": 0,
      "customSize": true,
      "height": 32,
      "layer": "",
      "locked": false,
      "name": "Base",
      "width": 373,
      "x": 1482,
      "y": 989,
      "zOrder": 93,
      "numberProperties": [],
      "stringProperties": [],
      "initialVariables": []
    },
    {
      "angle": 0,
      "customSize": false,
      "height": 0,
      "layer": "",
      "locked": false,
      "name": "PHASE2",
      "width": 0,
      "x": -527,
      "y": 860,
      "zOrder": 58,
      "numberProperties": [],
      "stringProperties": [],
      "initialVariables": []
    },
    {
      "angle": 0,
      "customSize": true,
      "height": 37,
      "layer": "",
      "locked": false,
      "name": "Coin",
      "width": 38,
      "x": -1368,
      "y": 399,
      "zOrder": 84,
      "numberProperties": [],
      "stringProperties": [],
      "initialVariables": []
    },
    {
      "angle": 0,
      "customSize": true,
      "height": 37,
      "layer": "",
      "locked": false,
      "name": "Coin",
      "width": 38,
      "x": 224,
      "y": 914,
      "zOrder": 84,
      "numberProperties": [],
      "stringProperties": [],
      "initialVariables": []
    },
    {
      "angle": 0,
      "customSize": true,
      "height": 37,
      "layer": "",
      "locked": false,
      "name": "Coin",
      "width": 38,
      "x": 910,
      "y": 939,
      "zOrder": 84,
      "numberProperties": [],
      "stringProperties": [],
      "initialVariables": []
    },
    {
      "angle": 0,
      "customSize": true,
      "height": 37,
      "layer": "",
      "locked": false,
      "name": "Coin",
      "width": 38,
      "x": 973,
      "y": 939,
      "zOrder": 84,
      "numberProperties": [],
      "stringProperties": [],
      "initialVariables": []
    },
    {
      "angle": 0,
      "customSize": true,
      "height": 109,
      "layer": "",
      "locked": false,
      "name": "Wall",
      "width": 1177,
      "x": -780,
      "y": 698,
      "zOrder": 89,
      "numberProperties": [],
      "stringProperties": [],
      "initialVariables": []
    },
    {
      "angle": 0,
      "customSize": true,
      "height": 109,
      "layer": "",
      "locked": false,
      "name": "Wall",
      "width": 602,
      "x": 595,
      "y": 703,
      "zOrder": 89,
      "numberProperties": [],
      "stringProperties": [],
      "initialVariables": []
    },
    {
      "angle": 0,
      "customSize": true,
      "height": 109,
      "layer": "",
      "locked": false,
      "name": "Wall",
      "width": 323,
      "x": 1476,
      "y": 702,
      "zOrder": 89,
      "numberProperties": [],
      "stringProperties": [],
      "initialVariables": []
    },
    {
      "angle": 0,
      "customSize": true,
      "height": 32,
      "layer": "",
      "locked": false,
      "name": "Brick",
      "width": 547,
      "x": 3199,
      "y": 984,
      "zOrder": 56,
      "numberProperties": [],
      "stringProperties": [],
      "initialVariables": []
    },
    {
      "angle": 0,
      "customSize": true,
      "height": 32,
      "layer": "",
      "locked": false,
      "name": "Brick",
      "width": 222,
      "x": 1960,
      "y": 965,
      "zOrder": 95,
      "numberProperties": [],
      "stringProperties": [],
      "initialVariables": []
    },
    {
      "angle": 0,
      "customSize": true,
      "height": 32,
      "layer": "",
      "locked": false,
      "name": "Brick",
      "width": 222,
      "x": 2321,
      "y": 964,
      "zOrder": 95,
      "numberProperties": [],
      "stringProperties": [],
      "initialVariables": []
    },
    {
      "angle": 0,
      "customSize": true,
      "height": 32,
      "layer": "",
      "locked": false,
      "name": "Brick",
      "width": 154,
      "x": 2674,
      "y": 963,
      "zOrder": 95,
      "numberProperties": [],
      "stringProperties": [],
      "initialVariables": []
    },
    {
      "angle": 0,
      "customSize": true,
      "height": 32,
      "layer": "",
      "locked": false,
      "name": "Brick",
      "width": 144,
      "x": 2971,
      "y": 964,
      "zOrder": 95,
      "numberProperties": [],
      "stringProperties": [],
      "initialVariables": []
    },
    {
      "angle": 0,
      "customSize": true,
      "height": 36,
      "layer": "",
      "locked": false,
      "name": "Coin",
      "width": 35,
      "x": 3339,
      "y": 892,
      "zOrder": 96,
      "numberProperties": [],
      "stringProperties": [],
      "initialVariables": []
    },
    {
      "angle": 0,
      "customSize": true,
      "height": 36,
      "layer": "",
      "locked": false,
      "name": "Coin",
      "width": 35,
      "x": 3160,
      "y": 900,
      "zOrder": 96,
      "numberProperties": [],
      "stringProperties": [],
      "initialVariables": []
    },
    {
      "angle": 0,
      "customSize": true,
      "height": 36,
      "layer": "",
      "locked": false,
      "name": "Coin",
      "width": 35,
      "x": 2714,
      "y": 858,
      "zOrder": 96,
      "numberProperties": [],
      "stringProperties": [],
      "initialVariables": []
    },
    {
      "angle": 0,
      "customSize": true,
      "height": 36,
      "layer": "",
      "locked": false,
      "name": "Coin",
      "width": 35,
      "x": 2983,
      "y": 893,
      "zOrder": 96,
      "numberProperties": [],
      "stringProperties": [],
      "initialVariables": []
    },
    {
      "angle": 0,
      "customSize": true,
      "height": 36,
      "layer": "",
      "locked": false,
      "name": "Coin",
      "width": 35,
      "x": 1587,
      "y": 893,
      "zOrder": 96,
      "numberProperties": [],
      "stringProperties": [],
      "initialVariables": []
    },
    {
      "angle": 0,
      "customSize": true,
      "height": 36,
      "layer": "",
      "locked": false,
      "name": "Coin",
      "width": 35,
      "x": 2061,
      "y": 873,
      "zOrder": 96,
      "numberProperties": [],
      "stringProperties": [],
      "initialVariables": []
    },
    {
      "angle": 0,
      "customSize": true,
      "height": 36,
      "layer": "",
      "locked": false,
      "name": "Coin",
      "width": 35,
      "x": 2405,
      "y": 864,
      "zOrder": 96,
      "numberProperties": [],
      "stringProperties": [],
      "initialVariables": []
    },
    {
      "angle": 0,
      "customSize": true,
      "height": 32,
      "layer": "",
      "locked": false,
      "name": "Brick",
      "width": 104,
      "x": 3780,
      "y": 982,
      "zOrder": 97,
      "numberProperties": [],
      "stringProperties": [],
      "initialVariables": []
    },
    {
      "angle": 0,
      "customSize": true,
      "height": 627,
      "layer": "",
      "locked": false,
      "name": "Wall",
      "width": 92,
      "x": 3877,
      "y": 595,
      "zOrder": 98,
      "numberProperties": [],
      "stringProperties": [],
      "initialVariables": []
    },
    {
      "angle": 0,
      "customSize": true,
      "height": 569,
      "layer": "",
      "locked": false,
      "name": "Wall",
      "width": 88,
      "x": 1711,
      "y": 245,
      "zOrder": 99,
      "numberProperties": [],
      "stringProperties": [],
      "initialVariables": []
    },
    {
      "angle": 0,
      "customSize": true,
      "height": 222,
      "layer": "",
      "locked": false,
      "name": "Wall",
      "width": 149,
      "x": 1049,
      "y": 497,
      "zOrder": 100,
      "numberProperties": [],
      "stringProperties": [],
      "initialVariables": []
    },
    {
      "angle": 0,
      "customSize": true,
      "height": 222,
      "layer": "",
      "locked": false,
      "name": "Wall",
      "width": 149,
      "x": 250,
      "y": 482,
      "zOrder": 100,
      "numberProperties": [],
      "stringProperties": [],
      "initialVariables": []
    },
    {
      "angle": 0,
      "customSize": true,
      "height": 62,
      "layer": "",
      "locked": false,
      "name": "door",
      "width": 60,
      "x": 3817,
      "y": 922,
      "zOrder": 101,
      "numberProperties": [],
      "stringProperties": [],
      "initialVariables": []
    },
    {
      "angle": 0,
      "customSize": false,
      "height": 0,
      "layer": "",
      "locked": false,
      "name": "NTOICE3",
      "width": 0,
      "x": 3211,
      "y": 821,
      "zOrder": 102,
      "numberProperties": [],
      "stringProperties": [],
      "initialVariables": []
    },
    {
      "angle": 0,
      "customSize": false,
      "height": 0,
      "layer": "",
      "locked": false,
      "name": "Player",
      "width": 0,
      "x": -6392,
      "y": -5,
      "zOrder": 103,
      "numberProperties": [],
      "stringProperties": [],
      "initialVariables": []
    },
    {
      "angle": 0,
      "customSize": true,
      "height": 32,
      "layer": "",
      "locked": false,
      "name": "Wall",
      "width": 80,
      "x": -6490,
      "y": 84,
      "zOrder": 104,
      "numberProperties": [],
      "stringProperties": [],
      "initialVariables": []
    },
    {
      "angle": 0,
      "customSize": true,
      "height": 68,
      "layer": "",
      "locked": false,
      "name": "door",
      "width": 64,
      "x": -6482,
      "y": 20,
      "zOrder": 105,
      "numberProperties": [],
      "stringProperties": [],
      "initialVariables": []
    }
  ],
  "objects": [
    {
      "name": "Player",
      "tags": "",
      "type": "Sprite",
      "updateIfNotVisible": false,
      "variables": [
        {
          "name": "Coins",
          "value": "0"
        },
        {
          "name": "Lives",
          "value": "3"
        }
      ],
      "behaviors": [
        {
          "name": "PlatformerObject",
          "type": "PlatformBehavior::PlatformerObjectBehavior",
          "acceleration": 1500,
          "canGrabPlatforms": false,
          "deceleration": 1500,
          "gravity": 1000,
          "ignoreDefaultControls": false,
          "jumpSpeed": 600,
          "jumpSustainTime": 0.2,
          "ladderClimbingSpeed": 150,
          "maxFallingSpeed": 700,
          "maxSpeed": 250,
          "roundCoordinates": true,
          "slopeMaxAngle": 60,
          "xGrabTolerance": 10,
          "yGrabOffset": 0
        }
      ],
      "animations": [
        {
          "name": "",
          "useMultipleDirections": false,
          "directions": [
            {
              "looping": false,
              "timeBetweenFrames": 0.08,
              "sprites": [
                {
                  "hasCustomCollisionMask": false,
                  "image": "p1_stand.png",
                  "points": [],
                  "originPoint": {
                    "name": "origine",
                    "x": 0,
                    "y": 0
                  },
                  "centerPoint": {
                    "automatic": true,
                    "name": "centre",
                    "x": 0,
                    "y": 0
                  },
                  "customCollisionMask": []
                }
              ]
            }
          ]
        },
        {
          "name": "",
          "useMultipleDirections": false,
          "directions": [
            {
              "looping": false,
              "timeBetweenFrames": 0.08,
              "sprites": [
                {
                  "hasCustomCollisionMask": false,
                  "image": "p1_jump.png",
                  "points": [],
                  "originPoint": {
                    "name": "origine",
                    "x": 0,
                    "y": 0
                  },
                  "centerPoint": {
                    "automatic": true,
                    "name": "centre",
                    "x": 0,
                    "y": 0
                  },
                  "customCollisionMask": []
                }
              ]
            }
          ]
        },
        {
          "name": "",
          "useMultipleDirections": false,
          "directions": [
            {
              "looping": true,
              "timeBetweenFrames": 0.02,
              "sprites": [
                {
                  "hasCustomCollisionMask": false,
                  "image": "p1_walk01.png",
                  "points": [],
                  "originPoint": {
                    "name": "origine",
                    "x": 0,
                    "y": 0
                  },
                  "centerPoint": {
                    "automatic": true,
                    "name": "centre",
                    "x": 0,
                    "y": 0
                  },
                  "customCollisionMask": []
                },
                {
                  "hasCustomCollisionMask": false,
                  "image": "p1_walk02.png",
                  "points": [],
                  "originPoint": {
                    "name": "origine",
                    "x": 0,
                    "y": 0
                  },
                  "centerPoint": {
                    "automatic": true,
                    "name": "centre",
                    "x": 0,
                    "y": 0
                  },
                  "customCollisionMask": []
                },
                {
                  "hasCustomCollisionMask": false,
                  "image": "p1_walk03.png",
                  "points": [],
                  "originPoint": {
                    "name": "origine",
                    "x": 0,
                    "y": 0
                  },
                  "centerPoint": {
                    "automatic": true,
                    "name": "centre",
                    "x": 0,
                    "y": 0
                  },
                  "customCollisionMask": []
                },
                {
                  "hasCustomCollisionMask": false,
                  "image": "p1_walk04.png",
                  "points": [],
                  "originPoint": {
                    "name": "origine",
                    "x": 0,
                    "y": 0
                  },
                  "centerPoint": {
                    "automatic": true,
                    "name": "centre",
                    "x": 0,
                    "y": 0
                  },
                  "customCollisionMask": []
                },
                {
                  "hasCustomCollisionMask": false,
                  "image": "p1_walk05.png",
                  "points": [],
                  "originPoint": {
                    "name": "origine",
                    "x": 0,
                    "y": 0
                  },
                  "centerPoint": {
                    "automatic": true,
                    "name": "centre",
                    "x": 0,
                    "y": 0
                  },
                  "customCollisionMask": []
                },
                {
                  "hasCustomCollisionMask": false,
                  "image": "p1_walk06.png",
                  "points": [],
                  "originPoint": {
                    "name": "origine",
                    "x": 0,
                    "y": 0
                  },
                  "centerPoint": {
                    "automatic": true,
                    "name": "centre",
                    "x": 0,
                    "y": 0
                  },
                  "customCollisionMask": []
                },
                {
                  "hasCustomCollisionMask": false,
                  "image": "p1_walk07.png",
                  "points": [],
                  "originPoint": {
                    "name": "origine",
                    "x": 0,
                    "y": 0
                  },
                  "centerPoint": {
                    "automatic": true,
                    "name": "centre",
                    "x": 0,
                    "y": 0
                  },
                  "customCollisionMask": []
                },
                {
                  "hasCustomCollisionMask": false,
                  "image": "p1_walk08.png",
                  "points": [],
                  "originPoint": {
                    "name": "origine",
                    "x": 0,
                    "y": 0
                  },
                  "centerPoint": {
                    "automatic": true,
                    "name": "centre",
                    "x": 0,
                    "y": 0
                  },
                  "customCollisionMask": []
                },
                {
                  "hasCustomCollisionMask": false,
                  "image": "p1_walk09.png",
                  "points": [],
                  "originPoint": {
                    "name": "origine",
                    "x": 0,
                    "y": 0
                  },
                  "centerPoint": {
                    "automatic": true,
                    "name": "centre",
                    "x": 0,
                    "y": 0
                  },
                  "customCollisionMask": []
                },
                {
                  "hasCustomCollisionMask": false,
                  "image": "p1_walk10.png",
                  "points": [],
                  "originPoint": {
                    "name": "origine",
                    "x": 0,
                    "y": 0
                  },
                  "centerPoint": {
                    "automatic": true,
                    "name": "centre",
                    "x": 0,
                    "y": 0
                  },
                  "customCollisionMask": []
                },
                {
                  "hasCustomCollisionMask": false,
                  "image": "p1_walk11.png",
                  "points": [],
                  "originPoint": {
                    "name": "origine",
                    "x": 0,
                    "y": 0
                  },
                  "centerPoint": {
                    "automatic": true,
                    "name": "centre",
                    "x": 0,
                    "y": 0
                  },
                  "customCollisionMask": []
                }
              ]
            }
          ]
        }
      ]
    },
    {
      "height": 32,
      "name": "Base",
      "tags": "",
      "texture": "grassHalfMid.png",
      "type": "TiledSpriteObject::TiledSprite",
      "width": 32,
      "variables": [],
      "behaviors": [
        {
          "name": "Platform",
          "type": "PlatformBehavior::PlatformBehavior",
          "canBeGrabbed": true,
          "platformType": "NormalPlatform",
          "yGrabOffset": 0
        }
      ]
    },
    {
      "height": 32,
      "name": "Base2",
      "tags": "",
      "texture": "Grass.png",
      "type": "TiledSpriteObject::TiledSprite",
      "width": 32,
      "variables": [],
      "behaviors": []
    },
    {
      "height": 32,
      "name": "Wall",
      "tags": "",
      "texture": "castleCenter.png",
      "type": "TiledSpriteObject::TiledSprite",
      "width": 32,
      "variables": [],
      "behaviors": [
        {
          "name": "Platform",
          "type": "PlatformBehavior::PlatformBehavior",
          "canBeGrabbed": true,
          "platformType": "NormalPlatform",
          "yGrabOffset": 0
        }
      ]
    },
    {
      "height": 32,
      "name": "Brick",
      "tags": "",
      "texture": "brickWall.png",
      "type": "TiledSpriteObject::TiledSprite",
      "width": 32,
      "variables": [],
      "behaviors": [
        {
          "name": "Platform",
          "type": "PlatformBehavior::PlatformBehavior",
          "canBeGrabbed": true,
          "platformType": "NormalPlatform",
          "yGrabOffset": 0
        }
      ]
    },
    {
      "bold": true,
      "italic": false,
      "name": "Coins",
      "smoothed": true,
      "tags": "",
      "type": "TextObject::Text",
      "underlined": false,
      "variables": [
        {
          "name": "",
          "value": ""
        }
      ],
      "behaviors": [],
      "string": "Coins:",
      "font": "",
      "characterSize": 50,
      "color": {
        "b": 0,
        "g": 0,
        "r": 0
      }
    },
    {
      "bold": true,
      "italic": false,
      "name": "POints",
      "smoothed": true,
      "tags": "",
      "type": "TextObject::Text",
      "underlined": false,
      "variables": [],
      "behaviors": [],
      "string": "0",
      "font": "",
      "characterSize": 50,
      "color": {
        "b": 0,
        "g": 0,
        "r": 0
      }
    },
    {
      "bold": true,
      "italic": true,
      "name": "Level",
      "smoothed": true,
      "tags": "",
      "type": "TextObject::Text",
      "underlined": false,
      "variables": [],
      "behaviors": [],
      "string": "Level \n    2",
      "font": "",
      "characterSize": 70,
      "color": {
        "b": 12,
        "g": 12,
        "r": 12
      }
    },
    {
      "name": "Flyenemy",
      "tags": "",
      "type": "Sprite",
      "updateIfNotVisible": false,
      "variables": [],
      "behaviors": [],
      "animations": [
        {
          "name": "",
          "useMultipleDirections": false,
          "directions": [
            {
              "looping": true,
              "timeBetweenFrames": 0.08,
              "sprites": [
                {
                  "hasCustomCollisionMask": false,
                  "image": "flyFly1.png",
                  "points": [],
                  "originPoint": {
                    "name": "origine",
                    "x": 0,
                    "y": 0
                  },
                  "centerPoint": {
                    "automatic": true,
                    "name": "centre",
                    "x": 0,
                    "y": 0
                  },
                  "customCollisionMask": []
                },
                {
                  "hasCustomCollisionMask": false,
                  "image": "flyFly2.png",
                  "points": [],
                  "originPoint": {
                    "name": "origine",
                    "x": 0,
                    "y": 0
                  },
                  "centerPoint": {
                    "automatic": true,
                    "name": "centre",
                    "x": 0,
                    "y": 0
                  },
                  "customCollisionMask": []
                }
              ]
            }
          ]
        }
      ]
    },
    {
      "height": 32,
      "name": "Left",
      "tags": "",
      "texture": "Left.png",
      "type": "TiledSpriteObject::TiledSprite",
      "width": 32,
      "variables": [],
      "behaviors": []
    },
    {
      "height": 32,
      "name": "Right",
      "tags": "",
      "texture": "Right.png",
      "type": "TiledSpriteObject::TiledSprite",
      "width": 32,
      "variables": [],
      "behaviors": []
    },
    {
      "bold": false,
      "italic": false,
      "name": "textnotice",
      "smoothed": true,
      "tags": "",
      "type": "TextObject::Text",
      "underlined": false,
      "variables": [],
      "behaviors": [],
      "string": "TRY TO COLLECT ALL THE COINS ON THE WAY!!!!",
      "font": "",
      "characterSize": 30,
      "color": {
        "b": 0,
        "g": 0,
        "r": 0
      }
    },
    {
      "height": 32,
      "name": "sky",
      "tags": "",
      "texture": "sky-blue-vector.jpg",
      "type": "TiledSpriteObject::TiledSprite",
      "width": 32,
      "variables": [],
      "behaviors": []
    },
    {
      "height": 32,
      "name": "bridge1",
      "tags": "",
      "texture": "bridge.png",
      "type": "TiledSpriteObject::TiledSprite",
      "width": 32,
      "variables": [],
      "behaviors": [
        {
          "name": "Platform",
          "type": "PlatformBehavior::PlatformBehavior",
          "canBeGrabbed": true,
          "platformType": "NormalPlatform",
          "yGrabOffset": 0
        }
      ]
    },
    {
      "height": 32,
      "name": "bridge2",
      "tags": "",
      "texture": "bridgeLogs.png",
      "type": "TiledSpriteObject::TiledSprite",
      "width": 32,
      "variables": [],
      "behaviors": []
    },
    {
      "height": 32,
      "name": "NewObject",
      "tags": "",
      "texture": "PlayerArea.png",
      "type": "TiledSpriteObject::TiledSprite",
      "width": 32,
      "variables": [],
      "behaviors": []
    },
    {
      "bold": true,
      "italic": false,
      "name": "DEAD",
      "smoothed": true,
      "tags": "",
      "type": "TextObject::Text",
      "underlined": false,
      "variables": [],
      "behaviors": [],
      "string": "YOU DIED :(",
      "font": "",
      "characterSize": 70,
      "color": {
        "b": 0,
        "g": 0,
        "r": 0
      }
    },
    {
      "height": 32,
      "name": "dead",
      "tags": "",
      "texture": "coin stick.png",
      "type": "TiledSpriteObject::TiledSprite",
      "width": 32,
      "variables": [],
      "behaviors": []
    },
    {
      "bold": true,
      "italic": true,
      "name": "BACK",
      "smoothed": true,
      "tags": "",
      "type": "TextObject::Text",
      "underlined": false,
      "variables": [],
      "behaviors": [],
      "string": "BACK",
      "font": "",
      "characterSize": 30,
      "color": {
        "b": 0,
        "g": 0,
        "r": 0
      }
    },
    {
      "height": 32,
      "name": "NewObject2",
      "tags": "",
      "texture": "images (1).jpg",
      "type": "TiledSpriteObject::TiledSprite",
      "width": 32,
      "variables": [],
      "behaviors": []
    },
    {
      "bold": true,
      "italic": false,
      "name": "Lives",
      "smoothed": true,
      "tags": "",
      "type": "TextObject::Text",
      "underlined": false,
      "variables": [],
      "behaviors": [],
      "string": "Lives:",
      "font": "",
      "characterSize": 50,
      "color": {
        "b": 0,
        "g": 0,
        "r": 0
      }
    },
    {
      "bold": true,
      "italic": false,
      "name": "livespoint",
      "smoothed": true,
      "tags": "",
      "type": "TextObject::Text",
      "underlined": false,
      "variables": [],
      "behaviors": [],
      "string": "3",
      "font": "",
      "characterSize": 50,
      "color": {
        "b": 0,
        "g": 0,
        "r": 0
      }
    },
    {
      "bold": true,
      "italic": false,
      "name": "ENTERPLAY",
      "smoothed": true,
      "tags": "",
      "type": "TextObject::Text",
      "underlined": false,
      "variables": [],
      "behaviors": [],
      "string": "PRESS  TO PLAY",
      "font": "",
      "characterSize": 50,
      "color": {
        "b": 0,
        "g": 0,
        "r": 0
      }
    },
    {
      "height": 32,
      "name": "NewObject3",
      "tags": "",
      "texture": "ladder_mid.png",
      "type": "TiledSpriteObject::TiledSprite",
      "width": 32,
      "variables": [],
      "behaviors": [
        {
          "name": "Platform",
          "type": "PlatformBehavior::PlatformBehavior",
          "canBeGrabbed": true,
          "platformType": "NormalPlatform",
          "yGrabOffset": 0
        }
      ]
    },
    {
      "height": 32,
      "name": "door",
      "tags": "",
      "texture": "Chooseanewimage-1.png",
      "type": "TiledSpriteObject::TiledSprite",
      "width": 32,
      "variables": [],
      "behaviors": []
    },
    {
      "height": 32,
      "name": "BACKGROUND",
      "tags": "",
      "texture": "download (2).jpg",
      "type": "TiledSpriteObject::TiledSprite",
      "width": 32,
      "variables": [],
      "behaviors": []
    },
    {
      "bold": true,
      "italic": false,
      "name": "notice2",
      "smoothed": true,
      "tags": "",
      "type": "TextObject::Text",
      "underlined": false,
      "variables": [],
      "behaviors": [],
      "string": "JUMP DOWN!!",
      "font": "",
      "characterSize": 40,
      "color": {
        "b": 0,
        "g": 0,
        "r": 0
      }
    },
    {
      "height": 32,
      "name": "NewObject4",
      "tags": "",
      "texture": "",
      "type": "TiledSpriteObject::TiledSprite",
      "width": 32,
      "variables": [],
      "behaviors": []
    },
    {
      "height": 32,
      "name": "NewObject5",
      "tags": "",
      "texture": "base.png",
      "type": "TiledSpriteObject::TiledSprite",
      "width": 32,
      "variables": [],
      "behaviors": []
    },
    {
      "height": 32,
      "name": "ROUGHBK",
      "tags": "",
      "texture": "2d6b9d7145b42697d47c4fc11e7fa2ca.jpg",
      "type": "TiledSpriteObject::TiledSprite",
      "width": 32,
      "variables": [],
      "behaviors": []
    },
    {
      "bold": true,
      "italic": false,
      "name": "PHASE2",
      "smoothed": true,
      "tags": "",
      "type": "TextObject::Text",
      "underlined": false,
      "variables": [],
      "behaviors": [],
      "string": "PHASE 2",
      "font": "",
      "characterSize": 50,
      "color": {
        "b": 0,
        "g": 0,
        "r": 0
      }
    },
    {
      "bold": false,
      "italic": true,
      "name": "NTOICE3",
      "smoothed": true,
      "tags": "",
      "type": "TextObject::Text",
      "underlined": false,
      "variables": [],
      "behaviors": [],
      "string": "WALK ON THE INVISIBLE PATH\n      TO GET TO THE DOOR",
      "font": "",
      "characterSize": 40,
      "color": {
        "b": 0,
        "g": 0,
        "r": 0
      }
    }
  ],
  "events": [
    {
      "disabled": false,
      "folded": false,
      "type": "BuiltinCommonInstructions::Standard",
      "conditions": [],
      "actions": [],
      "events": []
    },
    {
      "disabled": false,
      "folded": false,
      "type": "BuiltinCommonInstructions::Standard",
      "conditions": [
        {
          "type": {
            "inverted": false,
            "value": "PlatformBehavior::IsOnFloor"
          },
          "parameters": [
            "Player",
            "PlatformerObject"
          ],
          "subInstructions": []
        },
        {
          "type": {
            "inverted": false,
            "value": "PlatformBehavior::IsMoving"
          },
          "parameters": [
            "Player",
            "PlatformerObject"
          ],
          "subInstructions": []
        }
      ],
      "actions": [
        {
          "type": {
            "inverted": false,
            "value": "ChangeAnimation"
          },
          "parameters": [
            "Player",
            "=",
            "2"
          ],
          "subInstructions": []
        }
      ],
      "events": []
    },
    {
      "disabled": false,
      "folded": false,
      "type": "BuiltinCommonInstructions::Standard",
      "conditions": [
        {
          "type": {
            "inverted": false,
            "value": "PlatformBehavior::IsOnFloor"
          },
          "parameters": [
            "Player",
            "PlatformerObject"
          ],
          "subInstructions": []
        },
        {
          "type": {
            "inverted": true,
            "value": "PlatformBehavior::IsMoving"
          },
          "parameters": [
            "Player",
            "PlatformerObject"
          ],
          "subInstructions": []
        }
      ],
      "actions": [
        {
          "type": {
            "inverted": false,
            "value": "ChangeAnimation"
          },
          "parameters": [
            "Player",
            "=",
            "0"
          ],
          "subInstructions": []
        }
      ],
      "events": []
    },
    {
      "disabled": false,
      "folded": false,
      "type": "BuiltinCommonInstructions::Standard",
      "conditions": [
        {
          "type": {
            "inverted": false,
            "value": "PlatformBehavior::IsJumping"
          },
          "parameters": [
            "Player",
            "PlatformerObject"
          ],
          "subInstructions": []
        }
      ],
      "actions": [
        {
          "type": {
            "inverted": false,
            "value": "ChangeAnimation"
          },
          "parameters": [
            "Player",
            "=",
            "1"
          ],
          "subInstructions": []
        }
      ],
      "events": []
    },
    {
      "disabled": false,
      "folded": false,
      "type": "BuiltinCommonInstructions::Standard",
      "conditions": [
        {
          "type": {
            "inverted": false,
            "value": "KeyPressed"
          },
          "parameters": [
            "",
            "Left"
          ],
          "subInstructions": []
        }
      ],
      "actions": [
        {
          "type": {
            "inverted": false,
            "value": "FlipX"
          },
          "parameters": [
            "Player",
            "yes"
          ],
          "subInstructions": []
        }
      ],
      "events": []
    },
    {
      "disabled": false,
      "folded": false,
      "type": "BuiltinCommonInstructions::Standard",
      "conditions": [
        {
          "type": {
            "inverted": false,
            "value": "KeyPressed"
          },
          "parameters": [
            "",
            "Right"
          ],
          "subInstructions": []
        }
      ],
      "actions": [
        {
          "type": {
            "inverted": false,
            "value": "FlipX"
          },
          "parameters": [
            "Player",
            "no"
          ],
          "subInstructions": []
        }
      ],
      "events": []
    },
    {
      "disabled": false,
      "folded": false,
      "type": "BuiltinCommonInstructions::Standard",
      "conditions": [],
      "actions": [
        {
          "type": {
            "inverted": false,
            "value": "CameraX"
          },
          "parameters": [
            "",
            "=",
            "Player.X()",
            "",
            ""
          ],
          "subInstructions": []
        },
        {
          "type": {
            "inverted": false,
            "value": "Cache"
          },
          "parameters": [
            "Left"
          ],
          "subInstructions": []
        },
        {
          "type": {
            "inverted": false,
            "value": "Cache"
          },
          "parameters": [
            "Right"
          ],
          "subInstructions": []
        },
        {
          "type": {
            "inverted": false,
            "value": "Cache"
          },
          "parameters": [
            "DEAD"
          ],
          "subInstructions": []
        },
        {
          "type": {
            "inverted": false,
            "value": "Cache"
          },
          "parameters": [
            "ENTERPLAY"
          ],
          "subInstructions": []
        },
        {
          "type": {
            "inverted": false,
            "value": "CameraY"
          },
          "parameters": [
            "",
            "=",
            "Player.Y()",
            "",
            ""
          ],
          "subInstructions": []
        }
      ],
      "events": []
    },
    {
      "disabled": false,
      "folded": false,
      "type": "BuiltinCommonInstructions::Standard",
      "conditions": [
        {
          "type": {
            "inverted": false,
            "value": "CollisionNP"
          },
          "parameters": [
            "Player",
            "Coin",
            "",
            "",
            "yes"
          ],
          "subInstructions": []
        }
      ],
      "actions": [
        {
          "type": {
            "inverted": false,
            "value": "Delete"
          },
          "parameters": [
            "Coin",
            "Coin"
          ],
          "subInstructions": []
        },
        {
          "type": {
            "inverted": false,
            "value": "ModVarObjet"
          },
          "parameters": [
            "Player",
            "Coins",
            "+",
            "1"
          ],
          "subInstructions": []
        },
        {
          "type": {
            "inverted": false,
            "value": "TextObject::String"
          },
          "parameters": [
            "POints",
            "=",
            "Player.VariableString(Coins)"
          ],
          "subInstructions": []
        }
      ],
      "events": []
    },
    {
      "disabled": false,
      "folded": false,
      "type": "BuiltinCommonInstructions::Standard",
      "conditions": [
        {
          "type": {
            "inverted": false,
            "value": "CollisionNP"
          },
          "parameters": [
            "Flyenemy",
            "Left",
            "",
            "",
            ""
          ],
          "subInstructions": []
        }
      ],
      "actions": [
        {
          "type": {
            "inverted": false,
            "value": "Arreter"
          },
          "parameters": [
            "Flyenemy"
          ],
          "subInstructions": []
        },
        {
          "type": {
            "inverted": false,
            "value": "AddForceVers"
          },
          "parameters": [
            "Flyenemy",
            "Right",
            "200",
            "1"
          ],
          "subInstructions": []
        }
      ],
      "events": []
    },
    {
      "disabled": false,
      "folded": false,
      "type": "BuiltinCommonInstructions::Standard",
      "conditions": [
        {
          "type": {
            "inverted": false,
            "value": "CollisionNP"
          },
          "parameters": [
            "Flyenemy",
            "Right",
            "",
            "",
            ""
          ],
          "subInstructions": []
        }
      ],
      "actions": [
        {
          "type": {
            "inverted": false,
            "value": "Arreter"
          },
          "parameters": [
            "Flyenemy"
          ],
          "subInstructions": []
        },
        {
          "type": {
            "inverted": false,
            "value": "AddForceVers"
          },
          "parameters": [
            "Flyenemy",
            "Left",
            "200",
            "1"
          ],
          "subInstructions": []
        }
      ],
      "events": []
    },
    {
      "disabled": false,
      "folded": false,
      "type": "BuiltinCommonInstructions::Standard",
      "conditions": [
        {
          "type": {
            "inverted": false,
            "value": "CollisionNP"
          },
          "parameters": [
            "Player",
            "Flyenemy",
            "",
            "",
            ""
          ],
          "subInstructions": []
        }
      ],
      "actions": [],
      "events": []
    },
    {
      "disabled": false,
      "folded": false,
      "type": "BuiltinCommonInstructions::Standard",
      "conditions": [
        {
          "type": {
            "inverted": false,
            "value": "CollisionNP"
          },
          "parameters": [
            "Player",
            "NewObject",
            "",
            "",
            ""
          ],
          "subInstructions": []
        }
      ],
      "actions": [
        {
          "type": {
            "inverted": false,
            "value": "Montre"
          },
          "parameters": [
            "DEAD",
            ""
          ],
          "subInstructions": []
        },
        {
          "type": {
            "inverted": false,
            "value": "ChangeTimeScale"
          },
          "parameters": [
            "",
            "\"0\""
          ],
          "subInstructions": []
        }
      ],
      "events": []
    },
    {
      "disabled": false,
      "folded": false,
      "type": "BuiltinCommonInstructions::Standard",
      "conditions": [
        {
          "type": {
            "inverted": false,
            "value": "CollisionNP"
          },
          "parameters": [
            "Player",
            "NewObject",
            "",
            "",
            ""
          ],
          "subInstructions": []
        }
      ],
      "actions": [
        {
          "type": {
            "inverted": false,
            "value": "Montre"
          },
          "parameters": [
            "ENTERPLAY",
            ""
          ],
          "subInstructions": []
        },
        {
          "type": {
            "inverted": false,
            "value": "ChangeTimeScale"
          },
          "parameters": [
            "",
            "0"
          ],
          "subInstructions": []
        }
      ],
      "events": []
    },
    {
      "disabled": false,
      "folded": false,
      "type": "BuiltinCommonInstructions::Standard",
      "conditions": [
        {
          "type": {
            "inverted": true,
            "value": "SourisSurObjet"
          },
          "parameters": [
            "BACK",
            "",
            "",
            ""
          ],
          "subInstructions": []
        }
      ],
      "actions": [
        {
          "type": {
            "inverted": false,
            "value": "TextObject::ChangeColor"
          },
          "parameters": [
            "BACK",
            "\"0;0;0\""
          ],
          "subInstructions": []
        }
      ],
      "events": []
    },
    {
      "disabled": false,
      "folded": false,
      "type": "BuiltinCommonInstructions::Standard",
      "conditions": [
        {
          "type": {
            "inverted": false,
            "value": "SourisSurObjet"
          },
          "parameters": [
            "BACK",
            "",
            "",
            ""
          ],
          "subInstructions": []
        },
        {
          "type": {
            "inverted": false,
            "value": "SourisBouton"
          },
          "parameters": [
            "",
            "Left"
          ],
          "subInstructions": []
        }
      ],
      "actions": [
        {
          "type": {
            "inverted": false,
            "value": "TextObject::ChangeColor"
          },
          "parameters": [
            "BACK",
            "\"250;10;10\""
          ],
          "subInstructions": []
        },
        {
          "type": {
            "inverted": false,
            "value": "Scene"
          },
          "parameters": [
            "",
            "\"MENUS\"",
            ""
          ],
          "subInstructions": []
        }
      ],
      "events": []
    },
    {
      "disabled": false,
      "folded": false,
      "type": "BuiltinCommonInstructions::Standard",
      "conditions": [],
      "actions": [],
      "events": []
    },
    {
      "disabled": false,
      "folded": false,
      "type": "BuiltinCommonInstructions::Standard",
      "conditions": [
        {
          "type": {
            "inverted": true,
            "value": "SourisSurObjet"
          },
          "parameters": [
            "ENTERPLAY",
            "",
            "",
            ""
          ],
          "subInstructions": []
        }
      ],
      "actions": [
        {
          "type": {
            "inverted": false,
            "value": "TextObject::ChangeColor"
          },
          "parameters": [
            "ENTERPLAY",
            "\"0;0;0\""
          ],
          "subInstructions": []
        }
      ],
      "events": []
    },
    {
      "disabled": false,
      "folded": false,
      "type": "BuiltinCommonInstructions::Standard",
      "conditions": [
        {
          "type": {
            "inverted": false,
            "value": "SourisSurObjet"
          },
          "parameters": [
            "ENTERPLAY",
            "",
            "",
            ""
          ],
          "subInstructions": []
        },
        {
          "type": {
            "inverted": false,
            "value": "SourisBouton"
          },
          "parameters": [
            "",
            "Left"
          ],
          "subInstructions": []
        }
      ],
      "actions": [
        {
          "type": {
            "inverted": false,
            "value": "TextObject::ChangeColor"
          },
          "parameters": [
            "ENTERPLAY",
            "\"236;7;7\""
          ],
          "subInstructions": []
        },
        {
          "type": {
            "inverted": false,
            "value": "Scene"
          },
          "parameters": [
            "",
            "\"GAME\"",
            ""
          ],
          "subInstructions": []
        }
      ],
      "events": []
    },
    {
      "disabled": false,
      "folded": false,
      "type": "BuiltinCommonInstructions::Standard",
      "conditions": [
        {
          "type": {
            "inverted": false,
            "value": "CollisionNP"
          },
          "parameters": [
            "Player",
            "NewObject3",
            "",
            "",
            ""
          ],
          "subInstructions": []
        }
      ],
      "actions": [
        {
          "type": {
            "inverted": false,
            "value": "CameraY"
          },
          "parameters": [
            "",
            "=",
            "Player.Y()",
            "",
            ""
          ],
          "subInstructions": []
        }
      ],
      "events": []
    },
    {
      "disabled": false,
      "folded": false,
      "type": "BuiltinCommonInstructions::Standard",
      "conditions": [
        {
          "type": {
            "inverted": false,
            "value": "CollisionNP"
          },
          "parameters": [
            "Player",
            "door",
            "",
            "",
            ""
          ],
          "subInstructions": []
        }
      ],
      "actions": [
        {
          "type": {
            "inverted": false,
            "value": "Scene"
          },
          "parameters": [
            "",
            "\"level3\"",
            ""
          ],
          "subInstructions": []
        }
      ],
      "events": []
    }
  ],
  "layers": [
    {
      "name": "",
      "visibility": true,
      "cameras": [
        {
          "defaultSize": true,
          "defaultViewport": true,
          "height": 0,
          "viewportBottom": 1,
          "viewportLeft": 0,
          "viewportRight": 1,
          "viewportTop": 0,
          "width": 0
        }
      ],
      "effects": []
    },
    {
      "name": "UI",
      "visibility": true,
      "cameras": [],
      "effects": []
    },
    {
      "name": "Layer",
      "visibility": true,
      "cameras": [],
      "effects": []
    }
  ],
  "behaviorsSharedData": [
    {
      "name": "Platform",
      "type": "PlatformBehavior::PlatformBehavior"
    },
    {
      "name": "PlatformerObject",
      "type": "PlatformBehavior::PlatformerObjectBehavior"
    }
  ]
}