{
  "b": 209,
  "disableInputWhenNotFocused": true,
  "mangledName": "level3",
  "name": "level3",
  "oglFOV": 90,
  "oglZFar": 500,
  "oglZNear": 1,
  "r": 209,
  "standardSortMethod": true,
  "stopSoundsOnStartup": true,
  "title": "",
  "v": 209,
  "uiSettings": {
    "grid": false,
    "gridB": 255,
    "gridG": 180,
    "gridHeight": 100,
    "gridOffsetX": 0,
    "gridOffsetY": 0,
    "gridR": 158,
    "gridWidth": 100,
    "snap": false,
    "windowMask": false,
    "zoomFactor": 0.082
  },
  "objectsGroups": [
    {
      "name": "Group",
      "objects": [
        {
          "name": "Lives"
        },
        {
          "name": "livespoint"
        }
      ]
    },
    {
      "name": "Group2",
      "objects": [
        {
          "name": "Base"
        },
        {
          "name": "Base2"
        },
        {
          "name": "Brick"
        },
        {
          "name": "Wall"
        },
        {
          "name": "bridge1"
        },
        {
          "name": "bridge2"
        }
      ]
    }
  ],
  "variables": [],
  "instances": [
    {
      "angle": 0,
      "customSize": true,
      "height": 100,
      "layer": "UI",
      "locked": false,
      "name": "Coins",
      "width": 284,
      "x": 19,
      "y": 25,
      "zOrder": 12,
      "numberProperties": [],
      "stringProperties": [],
      "initialVariables": []
    },
    {
      "angle": 0,
      "customSize": false,
      "height": 0,
      "layer": "UI",
      "locked": false,
      "name": "POints",
      "width": 0,
      "x": 280,
      "y": 27,
      "zOrder": 18,
      "numberProperties": [],
      "stringProperties": [],
      "initialVariables": []
    },
    {
      "angle": 0,
      "customSize": false,
      "height": 0,
      "layer": "UI",
      "locked": false,
      "name": "DEAD",
      "width": 0,
      "x": 202,
      "y": 210,
      "zOrder": 53,
      "numberProperties": [],
      "stringProperties": [],
      "initialVariables": []
    },
    {
      "angle": 0,
      "customSize": true,
      "height": 32,
      "layer": "",
      "locked": false,
      "name": "NewObject",
      "width": 10400,
      "x": -6663,
      "y": 1232,
      "zOrder": 65,
      "numberProperties": [],
      "stringProperties": [],
      "initialVariables": []
    },
    {
      "angle": 0,
      "customSize": false,
      "height": 0,
      "layer": "UI",
      "locked": false,
      "name": "ENTERPLAY",
      "width": 0,
      "x": 183,
      "y": 343,
      "zOrder": 67,
      "numberProperties": [],
      "stringProperties": [],
      "initialVariables": []
    },
    {
      "angle": 0,
      "customSize": true,
      "height": 4773,
      "layer": "",
      "locked": false,
      "name": "minecraft",
      "width": 12049,
      "x": -8448,
      "y": -2794,
      "zOrder": 58,
      "numberProperties": [],
      "stringProperties": [],
      "initialVariables": []
    },
    {
      "angle": 0,
      "customSize": true,
      "height": 111,
      "layer": "",
      "locked": false,
      "name": "Player",
      "width": 83,
      "x": -5907,
      "y": 376,
      "zOrder": 69,
      "numberProperties": [],
      "stringProperties": [],
      "initialVariables": []
    },
    {
      "angle": 0,
      "customSize": true,
      "height": 671,
      "layer": "",
      "locked": false,
      "name": "stone",
      "width": 141,
      "x": -6085,
      "y": -149,
      "zOrder": 70,
      "numberProperties": [],
      "stringProperties": [],
      "initialVariables": []
    },
    {
      "angle": 0,
      "customSize": true,
      "height": 666,
      "layer": "",
      "locked": false,
      "name": "stone",
      "width": 403,
      "x": -6467,
      "y": -151,
      "zOrder": 70,
      "numberProperties": [],
      "stringProperties": [],
      "initialVariables": []
    },
    {
      "angle": 0,
      "customSize": true,
      "height": 40,
      "layer": "",
      "locked": false,
      "name": "minecraftdiamond",
      "width": 40,
      "x": -5200,
      "y": 400,
      "zOrder": 75,
      "numberProperties": [],
      "stringProperties": [],
      "initialVariables": []
    },
    {
      "angle": 0,
      "customSize": true,
      "height": 40,
      "layer": "",
      "locked": false,
      "name": "minecraftdiamond",
      "width": 40,
      "x": -5600,
      "y": 400,
      "zOrder": 75,
      "numberProperties": [],
      "stringProperties": [],
      "initialVariables": []
    },
    {
      "angle": 0,
      "customSize": true,
      "height": 40,
      "layer": "",
      "locked": false,
      "name": "minecraftdiamond",
      "width": 40,
      "x": -3643,
      "y": 398,
      "zOrder": 75,
      "numberProperties": [],
      "stringProperties": [],
      "initialVariables": []
    },
    {
      "angle": 0,
      "customSize": true,
      "height": 40,
      "layer": "",
      "locked": false,
      "name": "minecraftdiamond",
      "width": 40,
      "x": -5400,
      "y": 400,
      "zOrder": 75,
      "numberProperties": [],
      "stringProperties": [],
      "initialVariables": []
    },
    {
      "angle": 0,
      "customSize": true,
      "height": 40,
      "layer": "",
      "locked": false,
      "name": "minecraftdiamond",
      "width": 40,
      "x": -5300,
      "y": 400,
      "zOrder": 75,
      "numberProperties": [],
      "stringProperties": [],
      "initialVariables": []
    },
    {
      "angle": 0,
      "customSize": true,
      "height": 684,
      "layer": "",
      "locked": false,
      "name": "stone",
      "width": 141,
      "x": -6602,
      "y": -153,
      "zOrder": 70,
      "numberProperties": [],
      "stringProperties": [],
      "initialVariables": []
    },
    {
      "angle": 0,
      "customSize": true,
      "height": 627,
      "layer": "",
      "locked": false,
      "name": "stone",
      "width": 293,
      "x": -6489,
      "y": -140,
      "zOrder": 70,
      "numberProperties": [],
      "stringProperties": [],
      "initialVariables": []
    },
    {
      "angle": 0,
      "customSize": true,
      "height": 111,
      "layer": "",
      "locked": false,
      "name": "stone",
      "width": 854,
      "x": -6700,
      "y": -152,
      "zOrder": 70,
      "numberProperties": [],
      "stringProperties": [],
      "initialVariables": []
    },
    {
      "angle": 0,
      "customSize": true,
      "height": 103,
      "layer": "",
      "locked": false,
      "name": "stone",
      "width": 1430,
      "x": -6605,
      "y": 488,
      "zOrder": 68,
      "numberProperties": [],
      "stringProperties": [],
      "initialVariables": []
    },
    {
      "angle": 0,
      "customSize": true,
      "height": 103,
      "layer": "",
      "locked": false,
      "name": "stone",
      "width": 372,
      "x": -2990,
      "y": 794,
      "zOrder": 68,
      "numberProperties": [],
      "stringProperties": [],
      "initialVariables": []
    },
    {
      "angle": 0,
      "customSize": true,
      "height": 103,
      "layer": "",
      "locked": false,
      "name": "stone",
      "width": 372,
      "x": -4950,
      "y": 488,
      "zOrder": 68,
      "numberProperties": [],
      "stringProperties": [],
      "initialVariables": []
    },
    {
      "angle": 0,
      "customSize": true,
      "height": 40,
      "layer": "",
      "locked": false,
      "name": "minecraftdiamond",
      "width": 40,
      "x": -5500,
      "y": 400,
      "zOrder": 75,
      "numberProperties": [],
      "stringProperties": [],
      "initialVariables": []
    },
    {
      "angle": 0,
      "customSize": true,
      "height": 40,
      "layer": "",
      "locked": false,
      "name": "minecraftdiamond",
      "width": 40,
      "x": -5004,
      "y": 400,
      "zOrder": 75,
      "numberProperties": [],
      "stringProperties": [],
      "initialVariables": []
    },
    {
      "angle": 0,
      "customSize": true,
      "height": 103,
      "layer": "",
      "locked": false,
      "name": "stone",
      "width": 372,
      "x": -4366,
      "y": 485,
      "zOrder": 68,
      "numberProperties": [],
      "stringProperties": [],
      "initialVariables": []
    },
    {
      "angle": 0,
      "customSize": true,
      "height": 103,
      "layer": "",
      "locked": false,
      "name": "stone",
      "width": 372,
      "x": -3782,
      "y": 491,
      "zOrder": 68,
      "numberProperties": [],
      "stringProperties": [],
      "initialVariables": []
    },
    {
      "angle": 0,
      "customSize": true,
      "height": 103,
      "layer": "",
      "locked": false,
      "name": "stone",
      "width": 372,
      "x": -3378,
      "y": 637,
      "zOrder": 68,
      "numberProperties": [],
      "stringProperties": [],
      "initialVariables": []
    },
    {
      "angle": 0,
      "customSize": true,
      "height": 40,
      "layer": "",
      "locked": false,
      "name": "minecraftdiamond",
      "width": 40,
      "x": -4261,
      "y": 404,
      "zOrder": 75,
      "numberProperties": [],
      "stringProperties": [],
      "initialVariables": []
    },
    {
      "angle": 0,
      "customSize": true,
      "height": 90,
      "layer": "",
      "locked": false,
      "name": "dirt",
      "width": 1182,
      "x": -1076,
      "y": 825,
      "zOrder": 76,
      "numberProperties": [],
      "stringProperties": [],
      "initialVariables": []
    },
    {
      "angle": 0,
      "customSize": true,
      "height": 90,
      "layer": "",
      "locked": false,
      "name": "dirt",
      "width": 1182,
      "x": -2436,
      "y": 814,
      "zOrder": 76,
      "numberProperties": [],
      "stringProperties": [],
      "initialVariables": []
    }
  ],
  "objects": [
    {
      "name": "Player",
      "tags": "",
      "type": "Sprite",
      "updateIfNotVisible": false,
      "variables": [
        {
          "name": "Coins",
          "value": "0"
        },
        {
          "name": "Lives",
          "value": "3"
        }
      ],
      "behaviors": [
        {
          "name": "PlatformerObject",
          "type": "PlatformBehavior::PlatformerObjectBehavior",
          "acceleration": 1500,
          "canGrabPlatforms": false,
          "deceleration": 1500,
          "gravity": 1000,
          "ignoreDefaultControls": false,
          "jumpSpeed": 600,
          "jumpSustainTime": 0.2,
          "ladderClimbingSpeed": 150,
          "maxFallingSpeed": 700,
          "maxSpeed": 250,
          "roundCoordinates": true,
          "slopeMaxAngle": 60,
          "xGrabTolerance": 10,
          "yGrabOffset": 0
        }
      ],
      "animations": [
        {
          "name": "",
          "useMultipleDirections": false,
          "directions": [
            {
              "looping": false,
              "timeBetweenFrames": 0.08,
              "sprites": [
                {
                  "hasCustomCollisionMask": false,
                  "image": "p1_stand.png",
                  "points": [],
                  "originPoint": {
                    "name": "origine",
                    "x": 0,
                    "y": 0
                  },
                  "centerPoint": {
                    "automatic": true,
                    "name": "centre",
                    "x": 0,
                    "y": 0
                  },
                  "customCollisionMask": []
                }
              ]
            }
          ]
        },
        {
          "name": "",
          "useMultipleDirections": false,
          "directions": [
            {
              "looping": false,
              "timeBetweenFrames": 0.08,
              "sprites": [
                {
                  "hasCustomCollisionMask": false,
                  "image": "p1_jump.png",
                  "points": [],
                  "originPoint": {
                    "name": "origine",
                    "x": 0,
                    "y": 0
                  },
                  "centerPoint": {
                    "automatic": true,
                    "name": "centre",
                    "x": 0,
                    "y": 0
                  },
                  "customCollisionMask": []
                }
              ]
            }
          ]
        },
        {
          "name": "",
          "useMultipleDirections": false,
          "directions": [
            {
              "looping": true,
              "timeBetweenFrames": 0.02,
              "sprites": [
                {
                  "hasCustomCollisionMask": false,
                  "image": "p1_walk01.png",
                  "points": [],
                  "originPoint": {
                    "name": "origine",
                    "x": 0,
                    "y": 0
                  },
                  "centerPoint": {
                    "automatic": true,
                    "name": "centre",
                    "x": 0,
                    "y": 0
                  },
                  "customCollisionMask": []
                },
                {
                  "hasCustomCollisionMask": false,
                  "image": "p1_walk02.png",
                  "points": [],
                  "originPoint": {
                    "name": "origine",
                    "x": 0,
                    "y": 0
                  },
                  "centerPoint": {
                    "automatic": true,
                    "name": "centre",
                    "x": 0,
                    "y": 0
                  },
                  "customCollisionMask": []
                },
                {
                  "hasCustomCollisionMask": false,
                  "image": "p1_walk03.png",
                  "points": [],
                  "originPoint": {
                    "name": "origine",
                    "x": 0,
                    "y": 0
                  },
                  "centerPoint": {
                    "automatic": true,
                    "name": "centre",
                    "x": 0,
                    "y": 0
                  },
                  "customCollisionMask": []
                },
                {
                  "hasCustomCollisionMask": false,
                  "image": "p1_walk04.png",
                  "points": [],
                  "originPoint": {
                    "name": "origine",
                    "x": 0,
                    "y": 0
                  },
                  "centerPoint": {
                    "automatic": true,
                    "name": "centre",
                    "x": 0,
                    "y": 0
                  },
                  "customCollisionMask": []
                },
                {
                  "hasCustomCollisionMask": false,
                  "image": "p1_walk05.png",
                  "points": [],
                  "originPoint": {
                    "name": "origine",
                    "x": 0,
                    "y": 0
                  },
                  "centerPoint": {
                    "automatic": true,
                    "name": "centre",
                    "x": 0,
                    "y": 0
                  },
                  "customCollisionMask": []
                },
                {
                  "hasCustomCollisionMask": false,
                  "image": "p1_walk06.png",
                  "points": [],
                  "originPoint": {
                    "name": "origine",
                    "x": 0,
                    "y": 0
                  },
                  "centerPoint": {
                    "automatic": true,
                    "name": "centre",
                    "x": 0,
                    "y": 0
                  },
                  "customCollisionMask": []
                },
                {
                  "hasCustomCollisionMask": false,
                  "image": "p1_walk07.png",
                  "points": [],
                  "originPoint": {
                    "name": "origine",
                    "x": 0,
                    "y": 0
                  },
                  "centerPoint": {
                    "automatic": true,
                    "name": "centre",
                    "x": 0,
                    "y": 0
                  },
                  "customCollisionMask": []
                },
                {
                  "hasCustomCollisionMask": false,
                  "image": "p1_walk08.png",
                  "points": [],
                  "originPoint": {
                    "name": "origine",
                    "x": 0,
                    "y": 0
                  },
                  "centerPoint": {
                    "automatic": true,
                    "name": "centre",
                    "x": 0,
                    "y": 0
                  },
                  "customCollisionMask": []
                },
                {
                  "hasCustomCollisionMask": false,
                  "image": "p1_walk09.png",
                  "points": [],
                  "originPoint": {
                    "name": "origine",
                    "x": 0,
                    "y": 0
                  },
                  "centerPoint": {
                    "automatic": true,
                    "name": "centre",
                    "x": 0,
                    "y": 0
                  },
                  "customCollisionMask": []
                },
                {
                  "hasCustomCollisionMask": false,
                  "image": "p1_walk10.png",
                  "points": [],
                  "originPoint": {
                    "name": "origine",
                    "x": 0,
                    "y": 0
                  },
                  "centerPoint": {
                    "automatic": true,
                    "name": "centre",
                    "x": 0,
                    "y": 0
                  },
                  "customCollisionMask": []
                },
                {
                  "hasCustomCollisionMask": false,
                  "image": "p1_walk11.png",
                  "points": [],
                  "originPoint": {
                    "name": "origine",
                    "x": 0,
                    "y": 0
                  },
                  "centerPoint": {
                    "automatic": true,
                    "name": "centre",
                    "x": 0,
                    "y": 0
                  },
                  "customCollisionMask": []
                }
              ]
            }
          ]
        }
      ]
    },
    {
      "height": 32,
      "name": "Base",
      "tags": "",
      "texture": "grassHalfMid.png",
      "type": "TiledSpriteObject::TiledSprite",
      "width": 32,
      "variables": [],
      "behaviors": [
        {
          "name": "Platform",
          "type": "PlatformBehavior::PlatformBehavior",
          "canBeGrabbed": true,
          "platformType": "NormalPlatform",
          "yGrabOffset": 0
        }
      ]
    },
    {
      "height": 32,
      "name": "Base2",
      "tags": "",
      "texture": "Grass.png",
      "type": "TiledSpriteObject::TiledSprite",
      "width": 32,
      "variables": [],
      "behaviors": []
    },
    {
      "height": 16,
      "name": "minecraftdiamond",
      "tags": "",
      "texture": "150px-Diamond.png",
      "type": "TiledSpriteObject::TiledSprite",
      "width": 16,
      "variables": [],
      "behaviors": []
    },
    {
      "height": 32,
      "name": "Wall",
      "tags": "",
      "texture": "castleCenter.png",
      "type": "TiledSpriteObject::TiledSprite",
      "width": 32,
      "variables": [],
      "behaviors": [
        {
          "name": "Platform",
          "type": "PlatformBehavior::PlatformBehavior",
          "canBeGrabbed": true,
          "platformType": "NormalPlatform",
          "yGrabOffset": 0
        }
      ]
    },
    {
      "height": 32,
      "name": "Brick",
      "tags": "",
      "texture": "brickWall.png",
      "type": "TiledSpriteObject::TiledSprite",
      "width": 32,
      "variables": [],
      "behaviors": [
        {
          "name": "Platform",
          "type": "PlatformBehavior::PlatformBehavior",
          "canBeGrabbed": true,
          "platformType": "NormalPlatform",
          "yGrabOffset": 0
        }
      ]
    },
    {
      "bold": true,
      "italic": false,
      "name": "Coins",
      "smoothed": true,
      "tags": "",
      "type": "TextObject::Text",
      "underlined": false,
      "variables": [
        {
          "name": "",
          "value": ""
        }
      ],
      "behaviors": [],
      "string": "Diamonds:",
      "font": "",
      "characterSize": 50,
      "color": {
        "b": 0,
        "g": 0,
        "r": 0
      }
    },
    {
      "bold": true,
      "italic": false,
      "name": "POints",
      "smoothed": true,
      "tags": "",
      "type": "TextObject::Text",
      "underlined": false,
      "variables": [],
      "behaviors": [],
      "string": "0",
      "font": "",
      "characterSize": 50,
      "color": {
        "b": 0,
        "g": 0,
        "r": 0
      }
    },
    {
      "bold": true,
      "italic": true,
      "name": "Level",
      "smoothed": true,
      "tags": "",
      "type": "TextObject::Text",
      "underlined": false,
      "variables": [],
      "behaviors": [],
      "string": "Level \n    2",
      "font": "",
      "characterSize": 70,
      "color": {
        "b": 12,
        "g": 12,
        "r": 12
      }
    },
    {
      "name": "Flyenemy",
      "tags": "",
      "type": "Sprite",
      "updateIfNotVisible": false,
      "variables": [],
      "behaviors": [],
      "animations": [
        {
          "name": "",
          "useMultipleDirections": false,
          "directions": [
            {
              "looping": true,
              "timeBetweenFrames": 0.08,
              "sprites": [
                {
                  "hasCustomCollisionMask": false,
                  "image": "flyFly1.png",
                  "points": [],
                  "originPoint": {
                    "name": "origine",
                    "x": 0,
                    "y": 0
                  },
                  "centerPoint": {
                    "automatic": true,
                    "name": "centre",
                    "x": 0,
                    "y": 0
                  },
                  "customCollisionMask": []
                },
                {
                  "hasCustomCollisionMask": false,
                  "image": "flyFly2.png",
                  "points": [],
                  "originPoint": {
                    "name": "origine",
                    "x": 0,
                    "y": 0
                  },
                  "centerPoint": {
                    "automatic": true,
                    "name": "centre",
                    "x": 0,
                    "y": 0
                  },
                  "customCollisionMask": []
                }
              ]
            }
          ]
        }
      ]
    },
    {
      "height": 32,
      "name": "Left",
      "tags": "",
      "texture": "Left.png",
      "type": "TiledSpriteObject::TiledSprite",
      "width": 32,
      "variables": [],
      "behaviors": []
    },
    {
      "height": 32,
      "name": "Right",
      "tags": "",
      "texture": "Right.png",
      "type": "TiledSpriteObject::TiledSprite",
      "width": 32,
      "variables": [],
      "behaviors": []
    },
    {
      "bold": false,
      "italic": false,
      "name": "textnotice",
      "smoothed": true,
      "tags": "",
      "type": "TextObject::Text",
      "underlined": false,
      "variables": [],
      "behaviors": [],
      "string": "TRY TO COLLECT ALL THE COINS ON THE WAY!!!!",
      "font": "",
      "characterSize": 30,
      "color": {
        "b": 0,
        "g": 0,
        "r": 0
      }
    },
    {
      "height": 32,
      "name": "sky",
      "tags": "",
      "texture": "sky-blue-vector.jpg",
      "type": "TiledSpriteObject::TiledSprite",
      "width": 32,
      "variables": [],
      "behaviors": []
    },
    {
      "height": 32,
      "name": "bridge1",
      "tags": "",
      "texture": "bridge.png",
      "type": "TiledSpriteObject::TiledSprite",
      "width": 32,
      "variables": [],
      "behaviors": [
        {
          "name": "Platform",
          "type": "PlatformBehavior::PlatformBehavior",
          "canBeGrabbed": true,
          "platformType": "NormalPlatform",
          "yGrabOffset": 0
        }
      ]
    },
    {
      "height": 32,
      "name": "bridge2",
      "tags": "",
      "texture": "bridgeLogs.png",
      "type": "TiledSpriteObject::TiledSprite",
      "width": 32,
      "variables": [],
      "behaviors": []
    },
    {
      "height": 32,
      "name": "NewObject",
      "tags": "",
      "texture": "PlayerArea.png",
      "type": "TiledSpriteObject::TiledSprite",
      "width": 32,
      "variables": [],
      "behaviors": []
    },
    {
      "bold": true,
      "italic": false,
      "name": "DEAD",
      "smoothed": true,
      "tags": "",
      "type": "TextObject::Text",
      "underlined": false,
      "variables": [],
      "behaviors": [],
      "string": "YOU DIED :(",
      "font": "",
      "characterSize": 70,
      "color": {
        "b": 0,
        "g": 0,
        "r": 0
      }
    },
    {
      "height": 32,
      "name": "dead",
      "tags": "",
      "texture": "coin stick.png",
      "type": "TiledSpriteObject::TiledSprite",
      "width": 32,
      "variables": [],
      "behaviors": []
    },
    {
      "bold": true,
      "italic": true,
      "name": "BACK",
      "smoothed": true,
      "tags": "",
      "type": "TextObject::Text",
      "underlined": false,
      "variables": [],
      "behaviors": [],
      "string": "BACK",
      "font": "",
      "characterSize": 30,
      "color": {
        "b": 0,
        "g": 0,
        "r": 0
      }
    },
    {
      "height": 32,
      "name": "NewObject2",
      "tags": "",
      "texture": "images (1).jpg",
      "type": "TiledSpriteObject::TiledSprite",
      "width": 32,
      "variables": [],
      "behaviors": []
    },
    {
      "bold": true,
      "italic": false,
      "name": "Lives",
      "smoothed": true,
      "tags": "",
      "type": "TextObject::Text",
      "underlined": false,
      "variables": [],
      "behaviors": [],
      "string": "Lives:",
      "font": "",
      "characterSize": 50,
      "color": {
        "b": 0,
        "g": 0,
        "r": 0
      }
    },
    {
      "bold": true,
      "italic": false,
      "name": "livespoint",
      "smoothed": true,
      "tags": "",
      "type": "TextObject::Text",
      "underlined": false,
      "variables": [],
      "behaviors": [],
      "string": "3",
      "font": "",
      "characterSize": 50,
      "color": {
        "b": 0,
        "g": 0,
        "r": 0
      }
    },
    {
      "bold": true,
      "italic": false,
      "name": "ENTERPLAY",
      "smoothed": true,
      "tags": "",
      "type": "TextObject::Text",
      "underlined": false,
      "variables": [],
      "behaviors": [],
      "string": "PRESS  TO PLAY",
      "font": "",
      "characterSize": 50,
      "color": {
        "b": 0,
        "g": 0,
        "r": 0
      }
    },
    {
      "height": 32,
      "name": "NewObject3",
      "tags": "",
      "texture": "ladder_mid.png",
      "type": "TiledSpriteObject::TiledSprite",
      "width": 32,
      "variables": [],
      "behaviors": [
        {
          "name": "Platform",
          "type": "PlatformBehavior::PlatformBehavior",
          "canBeGrabbed": true,
          "platformType": "NormalPlatform",
          "yGrabOffset": 0
        }
      ]
    },
    {
      "height": 32,
      "name": "door",
      "tags": "",
      "texture": "Chooseanewimage-1.png",
      "type": "TiledSpriteObject::TiledSprite",
      "width": 32,
      "variables": [],
      "behaviors": []
    },
    {
      "height": 32,
      "name": "BACKGROUND",
      "tags": "",
      "texture": "download (2).jpg",
      "type": "TiledSpriteObject::TiledSprite",
      "width": 32,
      "variables": [],
      "behaviors": []
    },
    {
      "bold": true,
      "italic": false,
      "name": "notice2",
      "smoothed": true,
      "tags": "",
      "type": "TextObject::Text",
      "underlined": false,
      "variables": [],
      "behaviors": [],
      "string": "JUMP DOWN!!",
      "font": "",
      "characterSize": 40,
      "color": {
        "b": 0,
        "g": 0,
        "r": 0
      }
    },
    {
      "height": 32,
      "name": "NewObject4",
      "tags": "",
      "texture": "",
      "type": "TiledSpriteObject::TiledSprite",
      "width": 32,
      "variables": [],
      "behaviors": []
    },
    {
      "height": 32,
      "name": "NewObject5",
      "tags": "",
      "texture": "base.png",
      "type": "TiledSpriteObject::TiledSprite",
      "width": 32,
      "variables": [],
      "behaviors": []
    },
    {
      "height": 32,
      "name": "ROUGHBK",
      "tags": "",
      "texture": "2d6b9d7145b42697d47c4fc11e7fa2ca.jpg",
      "type": "TiledSpriteObject::TiledSprite",
      "width": 32,
      "variables": [],
      "behaviors": []
    },
    {
      "bold": true,
      "italic": false,
      "name": "PHASE2",
      "smoothed": true,
      "tags": "",
      "type": "TextObject::Text",
      "underlined": false,
      "variables": [],
      "behaviors": [],
      "string": "PHASE 2",
      "font": "",
      "characterSize": 50,
      "color": {
        "b": 0,
        "g": 0,
        "r": 0
      }
    },
    {
      "bold": false,
      "italic": true,
      "name": "NTOICE3",
      "smoothed": true,
      "tags": "",
      "type": "TextObject::Text",
      "underlined": false,
      "variables": [],
      "behaviors": [],
      "string": "WALK ON THE INVISIBLE PATH\n      TO GET TO THE DOOR",
      "font": "",
      "characterSize": 40,
      "color": {
        "b": 0,
        "g": 0,
        "r": 0
      }
    },
    {
      "height": 32,
      "name": "minecraft",
      "tags": "",
      "texture": "new.png",
      "type": "TiledSpriteObject::TiledSprite",
      "width": 32,
      "variables": [],
      "behaviors": []
    },
    {
      "height": 32,
      "name": "stone",
      "tags": "",
      "texture": "Png.png",
      "type": "TiledSpriteObject::TiledSprite",
      "width": 32,
      "variables": [],
      "behaviors": [
        {
          "name": "Platform",
          "type": "PlatformBehavior::PlatformBehavior",
          "canBeGrabbed": true,
          "platformType": "NormalPlatform",
          "yGrabOffset": 0
        }
      ]
    },
    {
      "height": 32,
      "name": "dirt",
      "tags": "",
      "texture": "unnamed (2).png",
      "type": "TiledSpriteObject::TiledSprite",
      "width": 32,
      "variables": [],
      "behaviors": []
    }
  ],
  "events": [
    {
      "disabled": false,
      "folded": false,
      "type": "BuiltinCommonInstructions::Standard",
      "conditions": [],
      "actions": [],
      "events": []
    },
    {
      "disabled": false,
      "folded": false,
      "type": "BuiltinCommonInstructions::Standard",
      "conditions": [
        {
          "type": {
            "inverted": false,
            "value": "PlatformBehavior::IsOnFloor"
          },
          "parameters": [
            "Player",
            "PlatformerObject"
          ],
          "subInstructions": []
        },
        {
          "type": {
            "inverted": false,
            "value": "PlatformBehavior::IsMoving"
          },
          "parameters": [
            "Player",
            "PlatformerObject"
          ],
          "subInstructions": []
        }
      ],
      "actions": [
        {
          "type": {
            "inverted": false,
            "value": "ChangeAnimation"
          },
          "parameters": [
            "Player",
            "=",
            "2"
          ],
          "subInstructions": []
        }
      ],
      "events": []
    },
    {
      "disabled": false,
      "folded": false,
      "type": "BuiltinCommonInstructions::Standard",
      "conditions": [
        {
          "type": {
            "inverted": false,
            "value": "PlatformBehavior::IsOnFloor"
          },
          "parameters": [
            "Player",
            "PlatformerObject"
          ],
          "subInstructions": []
        },
        {
          "type": {
            "inverted": true,
            "value": "PlatformBehavior::IsMoving"
          },
          "parameters": [
            "Player",
            "PlatformerObject"
          ],
          "subInstructions": []
        }
      ],
      "actions": [
        {
          "type": {
            "inverted": false,
            "value": "ChangeAnimation"
          },
          "parameters": [
            "Player",
            "=",
            "0"
          ],
          "subInstructions": []
        }
      ],
      "events": []
    },
    {
      "disabled": false,
      "folded": false,
      "type": "BuiltinCommonInstructions::Standard",
      "conditions": [
        {
          "type": {
            "inverted": false,
            "value": "PlatformBehavior::IsJumping"
          },
          "parameters": [
            "Player",
            "PlatformerObject"
          ],
          "subInstructions": []
        }
      ],
      "actions": [
        {
          "type": {
            "inverted": false,
            "value": "ChangeAnimation"
          },
          "parameters": [
            "Player",
            "=",
            "1"
          ],
          "subInstructions": []
        }
      ],
      "events": []
    },
    {
      "disabled": false,
      "folded": false,
      "type": "BuiltinCommonInstructions::Standard",
      "conditions": [
        {
          "type": {
            "inverted": false,
            "value": "KeyPressed"
          },
          "parameters": [
            "",
            "Left"
          ],
          "subInstructions": []
        }
      ],
      "actions": [
        {
          "type": {
            "inverted": false,
            "value": "FlipX"
          },
          "parameters": [
            "Player",
            "yes"
          ],
          "subInstructions": []
        }
      ],
      "events": []
    },
    {
      "disabled": false,
      "folded": false,
      "type": "BuiltinCommonInstructions::Standard",
      "conditions": [
        {
          "type": {
            "inverted": false,
            "value": "KeyPressed"
          },
          "parameters": [
            "",
            "Right"
          ],
          "subInstructions": []
        }
      ],
      "actions": [
        {
          "type": {
            "inverted": false,
            "value": "FlipX"
          },
          "parameters": [
            "Player",
            "no"
          ],
          "subInstructions": []
        }
      ],
      "events": []
    },
    {
      "disabled": false,
      "folded": false,
      "type": "BuiltinCommonInstructions::Standard",
      "conditions": [],
      "actions": [
        {
          "type": {
            "inverted": false,
            "value": "CameraX"
          },
          "parameters": [
            "",
            "=",
            "Player.X()",
            "",
            ""
          ],
          "subInstructions": []
        },
        {
          "type": {
            "inverted": false,
            "value": "Cache"
          },
          "parameters": [
            "Left"
          ],
          "subInstructions": []
        },
        {
          "type": {
            "inverted": false,
            "value": "Cache"
          },
          "parameters": [
            "Right"
          ],
          "subInstructions": []
        },
        {
          "type": {
            "inverted": false,
            "value": "Cache"
          },
          "parameters": [
            "DEAD"
          ],
          "subInstructions": []
        },
        {
          "type": {
            "inverted": false,
            "value": "Cache"
          },
          "parameters": [
            "ENTERPLAY"
          ],
          "subInstructions": []
        },
        {
          "type": {
            "inverted": false,
            "value": "CameraY"
          },
          "parameters": [
            "",
            "=",
            "Player.Y()",
            "",
            ""
          ],
          "subInstructions": []
        }
      ],
      "events": []
    },
    {
      "disabled": false,
      "folded": false,
      "type": "BuiltinCommonInstructions::Standard",
      "conditions": [
        {
          "type": {
            "inverted": false,
            "value": "CollisionNP"
          },
          "parameters": [
            "Player",
            "minecraftdiamond",
            "",
            "",
            "yes"
          ],
          "subInstructions": []
        }
      ],
      "actions": [
        {
          "type": {
            "inverted": false,
            "value": "Delete"
          },
          "parameters": [
            "minecraftdiamond",
            "Coin"
          ],
          "subInstructions": []
        },
        {
          "type": {
            "inverted": false,
            "value": "ModVarObjet"
          },
          "parameters": [
            "Player",
            "Coins",
            "+",
            "1"
          ],
          "subInstructions": []
        },
        {
          "type": {
            "inverted": false,
            "value": "TextObject::String"
          },
          "parameters": [
            "POints",
            "=",
            "Player.VariableString(Coins)"
          ],
          "subInstructions": []
        }
      ],
      "events": []
    },
    {
      "disabled": false,
      "folded": false,
      "type": "BuiltinCommonInstructions::Standard",
      "conditions": [
        {
          "type": {
            "inverted": false,
            "value": "CollisionNP"
          },
          "parameters": [
            "Flyenemy",
            "Left",
            "",
            "",
            ""
          ],
          "subInstructions": []
        }
      ],
      "actions": [
        {
          "type": {
            "inverted": false,
            "value": "Arreter"
          },
          "parameters": [
            "Flyenemy"
          ],
          "subInstructions": []
        },
        {
          "type": {
            "inverted": false,
            "value": "AddForceVers"
          },
          "parameters": [
            "Flyenemy",
            "Right",
            "200",
            "1"
          ],
          "subInstructions": []
        }
      ],
      "events": []
    },
    {
      "disabled": false,
      "folded": false,
      "type": "BuiltinCommonInstructions::Standard",
      "conditions": [
        {
          "type": {
            "inverted": false,
            "value": "CollisionNP"
          },
          "parameters": [
            "Flyenemy",
            "Right",
            "",
            "",
            ""
          ],
          "subInstructions": []
        }
      ],
      "actions": [
        {
          "type": {
            "inverted": false,
            "value": "Arreter"
          },
          "parameters": [
            "Flyenemy"
          ],
          "subInstructions": []
        },
        {
          "type": {
            "inverted": false,
            "value": "AddForceVers"
          },
          "parameters": [
            "Flyenemy",
            "Left",
            "200",
            "1"
          ],
          "subInstructions": []
        }
      ],
      "events": []
    },
    {
      "disabled": false,
      "folded": false,
      "type": "BuiltinCommonInstructions::Standard",
      "conditions": [
        {
          "type": {
            "inverted": false,
            "value": "CollisionNP"
          },
          "parameters": [
            "Player",
            "Flyenemy",
            "",
            "",
            ""
          ],
          "subInstructions": []
        }
      ],
      "actions": [],
      "events": []
    },
    {
      "disabled": false,
      "folded": false,
      "type": "BuiltinCommonInstructions::Standard",
      "conditions": [
        {
          "type": {
            "inverted": false,
            "value": "CollisionNP"
          },
          "parameters": [
            "Player",
            "NewObject",
            "",
            "",
            ""
          ],
          "subInstructions": []
        }
      ],
      "actions": [
        {
          "type": {
            "inverted": false,
            "value": "Montre"
          },
          "parameters": [
            "DEAD",
            ""
          ],
          "subInstructions": []
        },
        {
          "type": {
            "inverted": false,
            "value": "ChangeTimeScale"
          },
          "parameters": [
            "",
            "\"0\""
          ],
          "subInstructions": []
        }
      ],
      "events": []
    },
    {
      "disabled": false,
      "folded": false,
      "type": "BuiltinCommonInstructions::Standard",
      "conditions": [
        {
          "type": {
            "inverted": false,
            "value": "CollisionNP"
          },
          "parameters": [
            "Player",
            "NewObject",
            "",
            "",
            ""
          ],
          "subInstructions": []
        }
      ],
      "actions": [
        {
          "type": {
            "inverted": false,
            "value": "Montre"
          },
          "parameters": [
            "ENTERPLAY",
            ""
          ],
          "subInstructions": []
        },
        {
          "type": {
            "inverted": false,
            "value": "ChangeTimeScale"
          },
          "parameters": [
            "",
            "0"
          ],
          "subInstructions": []
        }
      ],
      "events": []
    },
    {
      "disabled": false,
      "folded": false,
      "type": "BuiltinCommonInstructions::Standard",
      "conditions": [
        {
          "type": {
            "inverted": true,
            "value": "SourisSurObjet"
          },
          "parameters": [
            "BACK",
            "",
            "",
            ""
          ],
          "subInstructions": []
        }
      ],
      "actions": [
        {
          "type": {
            "inverted": false,
            "value": "TextObject::ChangeColor"
          },
          "parameters": [
            "BACK",
            "\"0;0;0\""
          ],
          "subInstructions": []
        }
      ],
      "events": []
    },
    {
      "disabled": false,
      "folded": false,
      "type": "BuiltinCommonInstructions::Standard",
      "conditions": [
        {
          "type": {
            "inverted": false,
            "value": "SourisSurObjet"
          },
          "parameters": [
            "BACK",
            "",
            "",
            ""
          ],
          "subInstructions": []
        },
        {
          "type": {
            "inverted": false,
            "value": "SourisBouton"
          },
          "parameters": [
            "",
            "Left"
          ],
          "subInstructions": []
        }
      ],
      "actions": [
        {
          "type": {
            "inverted": false,
            "value": "TextObject::ChangeColor"
          },
          "parameters": [
            "BACK",
            "\"250;10;10\""
          ],
          "subInstructions": []
        },
        {
          "type": {
            "inverted": false,
            "value": "Scene"
          },
          "parameters": [
            "",
            "\"MENUS\"",
            ""
          ],
          "subInstructions": []
        }
      ],
      "events": []
    },
    {
      "disabled": false,
      "folded": false,
      "type": "BuiltinCommonInstructions::Standard",
      "conditions": [],
      "actions": [],
      "events": []
    },
    {
      "disabled": false,
      "folded": false,
      "type": "BuiltinCommonInstructions::Standard",
      "conditions": [
        {
          "type": {
            "inverted": true,
            "value": "SourisSurObjet"
          },
          "parameters": [
            "ENTERPLAY",
            "",
            "",
            ""
          ],
          "subInstructions": []
        }
      ],
      "actions": [
        {
          "type": {
            "inverted": false,
            "value": "TextObject::ChangeColor"
          },
          "parameters": [
            "ENTERPLAY",
            "\"0;0;0\""
          ],
          "subInstructions": []
        }
      ],
      "events": []
    },
    {
      "disabled": false,
      "folded": false,
      "type": "BuiltinCommonInstructions::Standard",
      "conditions": [
        {
          "type": {
            "inverted": false,
            "value": "SourisSurObjet"
          },
          "parameters": [
            "ENTERPLAY",
            "",
            "",
            ""
          ],
          "subInstructions": []
        },
        {
          "type": {
            "inverted": false,
            "value": "SourisBouton"
          },
          "parameters": [
            "",
            "Left"
          ],
          "subInstructions": []
        }
      ],
      "actions": [
        {
          "type": {
            "inverted": false,
            "value": "TextObject::ChangeColor"
          },
          "parameters": [
            "ENTERPLAY",
            "\"236;7;7\""
          ],
          "subInstructions": []
        },
        {
          "type": {
            "inverted": false,
            "value": "Scene"
          },
          "parameters": [
            "",
            "\"GAME\"",
            ""
          ],
          "subInstructions": []
        }
      ],
      "events": []
    },
    {
      "disabled": false,
      "folded": false,
      "type": "BuiltinCommonInstructions::Standard",
      "conditions": [
        {
          "type": {
            "inverted": false,
            "value": "CollisionNP"
          },
          "parameters": [
            "Player",
            "NewObject3",
            "",
            "",
            ""
          ],
          "subInstructions": []
        }
      ],
      "actions": [
        {
          "type": {
            "inverted": false,
            "value": "CameraY"
          },
          "parameters": [
            "",
            "=",
            "Player.Y()",
            "",
            ""
          ],
          "subInstructions": []
        }
      ],
      "events": []
    },
    {
      "disabled": false,
      "folded": false,
      "type": "BuiltinCommonInstructions::Standard",
      "conditions": [
        {
          "type": {
            "inverted": false,
            "value": "CollisionNP"
          },
          "parameters": [
            "Player",
            "door",
            "",
            "",
            ""
          ],
          "subInstructions": []
        }
      ],
      "actions": [
        {
          "type": {
            "inverted": false,
            "value": "Scene"
          },
          "parameters": [
            "",
            "\"LEVEL3\"",
            ""
          ],
          "subInstructions": []
        }
      ],
      "events": []
    }
  ],
  "layers": [
    {
      "name": "",
      "visibility": true,
      "cameras": [
        {
          "defaultSize": true,
          "defaultViewport": true,
          "height": 0,
          "viewportBottom": 1,
          "viewportLeft": 0,
          "viewportRight": 1,
          "viewportTop": 0,
          "width": 0
        }
      ],
      "effects": []
    },
    {
      "name": "UI",
      "visibility": true,
      "cameras": [],
      "effects": []
    },
    {
      "name": "Layer",
      "visibility": true,
      "cameras": [],
      "effects": []
    }
  ],
  "behaviorsSharedData": [
    {
      "name": "Platform",
      "type": "PlatformBehavior::PlatformBehavior"
    },
    {
      "name": "PlatformerObject",
      "type": "PlatformBehavior::PlatformerObjectBehavior"
    }
  ]
}