{
  "b": 209,
  "disableInputWhenNotFocused": true,
  "mangledName": "TUTORIAL",
  "name": "TUTORIAL",
  "oglFOV": 90,
  "oglZFar": 500,
  "oglZNear": 1,
  "r": 209,
  "standardSortMethod": true,
  "stopSoundsOnStartup": true,
  "title": "",
  "v": 209,
  "uiSettings": {
    "grid": false,
    "gridB": 255,
    "gridG": 180,
    "gridHeight": 100,
    "gridOffsetX": 0,
    "gridOffsetY": 0,
    "gridR": 158,
    "gridWidth": 100,
    "snap": false,
    "windowMask": false,
    "zoomFactor": 0.442
  },
  "objectsGroups": [
    {
      "name": "Group",
      "objects": [
        {
          "name": "Lives"
        },
        {
          "name": "livespoint"
        }
      ]
    },
    {
      "name": "Group2",
      "objects": [
        {
          "name": "Base"
        },
        {
          "name": "Base2"
        },
        {
          "name": "Brick"
        },
        {
          "name": "Wall"
        },
        {
          "name": "bridge1"
        },
        {
          "name": "bridge2"
        }
      ]
    }
  ],
  "variables": [],
  "instances": [
    {
      "angle": 0,
      "customSize": true,
      "height": 34,
      "layer": "",
      "locked": false,
      "name": "NewObject7",
      "width": 36,
      "x": -2768,
      "y": 240,
      "zOrder": 10,
      "numberProperties": [],
      "stringProperties": [],
      "initialVariables": []
    },
    {
      "angle": 0,
      "customSize": true,
      "height": 36,
      "layer": "",
      "locked": false,
      "name": "NewObject7",
      "width": 36,
      "x": -2704,
      "y": 240,
      "zOrder": 11,
      "numberProperties": [],
      "stringProperties": [],
      "initialVariables": []
    },
    {
      "angle": 0,
      "customSize": true,
      "height": 36,
      "layer": "",
      "locked": false,
      "name": "NewObject7",
      "width": 36,
      "x": -2640,
      "y": 240,
      "zOrder": 11,
      "numberProperties": [],
      "stringProperties": [],
      "initialVariables": []
    },
    {
      "angle": 0,
      "customSize": true,
      "height": 36,
      "layer": "",
      "locked": false,
      "name": "NewObject7",
      "width": 36,
      "x": -2576,
      "y": 240,
      "zOrder": 11,
      "numberProperties": [],
      "stringProperties": [],
      "initialVariables": []
    },
    {
      "angle": 0,
      "customSize": true,
      "height": 83,
      "layer": "UI",
      "locked": false,
      "name": "Coins",
      "width": 224,
      "x": 19,
      "y": 25,
      "zOrder": 12,
      "numberProperties": [],
      "stringProperties": [],
      "initialVariables": []
    },
    {
      "angle": 0,
      "customSize": true,
      "height": 32,
      "layer": "",
      "locked": false,
      "name": "Base",
      "width": 1139,
      "x": -4276,
      "y": 395,
      "zOrder": 14,
      "numberProperties": [],
      "stringProperties": [],
      "initialVariables": []
    },
    {
      "angle": 0,
      "customSize": false,
      "height": 0,
      "layer": "UI",
      "locked": false,
      "name": "POints",
      "width": 0,
      "x": 180,
      "y": 27,
      "zOrder": 18,
      "numberProperties": [],
      "stringProperties": [],
      "initialVariables": []
    },
    {
      "angle": 0,
      "customSize": true,
      "height": 43,
      "layer": "",
      "locked": false,
      "name": "Base",
      "width": 609,
      "x": -2909,
      "y": 392,
      "zOrder": 20,
      "numberProperties": [],
      "stringProperties": [],
      "initialVariables": []
    },
    {
      "angle": 0,
      "customSize": false,
      "height": 0,
      "layer": "",
      "locked": false,
      "name": "textnotice",
      "width": 0,
      "x": -3997,
      "y": 127,
      "zOrder": 0,
      "numberProperties": [],
      "stringProperties": [],
      "initialVariables": []
    },
    {
      "angle": 0,
      "customSize": true,
      "height": 23,
      "layer": "",
      "locked": false,
      "name": "Wall",
      "width": 768,
      "x": -1648,
      "y": 336,
      "zOrder": 42,
      "numberProperties": [],
      "stringProperties": [],
      "initialVariables": []
    },
    {
      "angle": 0,
      "customSize": true,
      "height": 19,
      "layer": "",
      "locked": false,
      "name": "bridge1",
      "width": 491,
      "x": -736,
      "y": 352,
      "zOrder": 43,
      "numberProperties": [],
      "stringProperties": [],
      "initialVariables": []
    },
    {
      "angle": 0,
      "customSize": true,
      "height": 60,
      "layer": "",
      "locked": false,
      "name": "Wall",
      "width": 13,
      "x": -240,
      "y": 352,
      "zOrder": 44,
      "numberProperties": [],
      "stringProperties": [],
      "initialVariables": []
    },
    {
      "angle": 0,
      "customSize": true,
      "height": 58,
      "layer": "",
      "locked": false,
      "name": "Wall",
      "width": 981,
      "x": -240,
      "y": 352,
      "zOrder": 45,
      "numberProperties": [],
      "stringProperties": [],
      "initialVariables": []
    },
    {
      "angle": 0,
      "customSize": true,
      "height": 37,
      "layer": "",
      "locked": false,
      "name": "Coin",
      "width": 37,
      "x": -1008,
      "y": 144,
      "zOrder": 49,
      "numberProperties": [],
      "stringProperties": [],
      "initialVariables": []
    },
    {
      "angle": 0,
      "customSize": true,
      "height": 21,
      "layer": "",
      "locked": false,
      "name": "Brick",
      "width": 411,
      "x": -1280,
      "y": 224,
      "zOrder": 50,
      "numberProperties": [],
      "stringProperties": [],
      "initialVariables": []
    },
    {
      "angle": 0,
      "customSize": true,
      "height": 37,
      "layer": "",
      "locked": false,
      "name": "Coin",
      "width": 37,
      "x": -2839,
      "y": 314,
      "zOrder": 49,
      "numberProperties": [],
      "stringProperties": [],
      "initialVariables": []
    },
    {
      "angle": 0,
      "customSize": true,
      "height": 37,
      "layer": "",
      "locked": false,
      "name": "Coin",
      "width": 37,
      "x": -1152,
      "y": 144,
      "zOrder": 49,
      "numberProperties": [],
      "stringProperties": [],
      "initialVariables": []
    },
    {
      "angle": 0,
      "customSize": true,
      "height": 37,
      "layer": "",
      "locked": false,
      "name": "Coin",
      "width": 37,
      "x": -1088,
      "y": 144,
      "zOrder": 49,
      "numberProperties": [],
      "stringProperties": [],
      "initialVariables": []
    },
    {
      "angle": 0,
      "customSize": false,
      "height": 0,
      "layer": "UI",
      "locked": false,
      "name": "dead",
      "width": 0,
      "x": -2240,
      "y": 32,
      "zOrder": 52,
      "numberProperties": [],
      "stringProperties": [],
      "initialVariables": []
    },
    {
      "angle": 0,
      "customSize": false,
      "height": 0,
      "layer": "UI",
      "locked": false,
      "name": "DEAD",
      "width": 0,
      "x": 202,
      "y": 210,
      "zOrder": 53,
      "numberProperties": [],
      "stringProperties": [],
      "initialVariables": []
    },
    {
      "angle": 0,
      "customSize": true,
      "height": 45,
      "layer": "",
      "locked": false,
      "name": "Brick",
      "width": 377,
      "x": 784,
      "y": 352,
      "zOrder": 56,
      "numberProperties": [],
      "stringProperties": [],
      "initialVariables": []
    },
    {
      "angle": 0,
      "customSize": true,
      "height": 32,
      "layer": "",
      "locked": false,
      "name": "Brick",
      "width": 146,
      "x": 1166,
      "y": 309,
      "zOrder": 57,
      "numberProperties": [],
      "stringProperties": [],
      "initialVariables": []
    },
    {
      "angle": 0,
      "customSize": true,
      "height": 32,
      "layer": "",
      "locked": false,
      "name": "Brick",
      "width": 107,
      "x": 1312,
      "y": 264,
      "zOrder": 58,
      "numberProperties": [],
      "stringProperties": [],
      "initialVariables": []
    },
    {
      "angle": 0,
      "customSize": true,
      "height": 32,
      "layer": "",
      "locked": false,
      "name": "Brick",
      "width": 68,
      "x": 1520,
      "y": 221,
      "zOrder": 59,
      "numberProperties": [],
      "stringProperties": [],
      "initialVariables": []
    },
    {
      "angle": 0,
      "customSize": true,
      "height": 32,
      "layer": "",
      "locked": false,
      "name": "Brick",
      "width": 68,
      "x": 1423,
      "y": 221,
      "zOrder": 59,
      "numberProperties": [],
      "stringProperties": [],
      "initialVariables": []
    },
    {
      "angle": 0,
      "customSize": true,
      "height": 32,
      "layer": "",
      "locked": false,
      "name": "Brick",
      "width": 248,
      "x": 1617,
      "y": 222,
      "zOrder": 60,
      "numberProperties": [],
      "stringProperties": [],
      "initialVariables": []
    },
    {
      "angle": 0,
      "customSize": true,
      "height": 37,
      "layer": "",
      "locked": false,
      "name": "Coin",
      "width": 37,
      "x": 1778,
      "y": 142,
      "zOrder": 61,
      "numberProperties": [],
      "stringProperties": [],
      "initialVariables": []
    },
    {
      "angle": 0,
      "customSize": true,
      "height": 37,
      "layer": "",
      "locked": false,
      "name": "Coin",
      "width": 37,
      "x": 923,
      "y": 284,
      "zOrder": 61,
      "numberProperties": [],
      "stringProperties": [],
      "initialVariables": []
    },
    {
      "angle": 0,
      "customSize": true,
      "height": 37,
      "layer": "",
      "locked": false,
      "name": "Coin",
      "width": 37,
      "x": 1012,
      "y": 281,
      "zOrder": 61,
      "numberProperties": [],
      "stringProperties": [],
      "initialVariables": []
    },
    {
      "angle": 0,
      "customSize": true,
      "height": 37,
      "layer": "",
      "locked": false,
      "name": "Coin",
      "width": 37,
      "x": 1207,
      "y": 223,
      "zOrder": 61,
      "numberProperties": [],
      "stringProperties": [],
      "initialVariables": []
    },
    {
      "angle": 0,
      "customSize": true,
      "height": 37,
      "layer": "",
      "locked": false,
      "name": "Coin",
      "width": 37,
      "x": 1342,
      "y": 172,
      "zOrder": 61,
      "numberProperties": [],
      "stringProperties": [],
      "initialVariables": []
    },
    {
      "angle": 0,
      "customSize": true,
      "height": 37,
      "layer": "",
      "locked": false,
      "name": "Coin",
      "width": 37,
      "x": 1537,
      "y": 152,
      "zOrder": 61,
      "numberProperties": [],
      "stringProperties": [],
      "initialVariables": []
    },
    {
      "angle": 0,
      "customSize": true,
      "height": 32,
      "layer": "",
      "locked": false,
      "name": "Brick",
      "width": 268,
      "x": 2664,
      "y": 219,
      "zOrder": 62,
      "numberProperties": [],
      "stringProperties": [],
      "initialVariables": []
    },
    {
      "angle": 0,
      "customSize": true,
      "height": 32,
      "layer": "",
      "locked": false,
      "name": "Brick",
      "width": 268,
      "x": 2007,
      "y": 223,
      "zOrder": 62,
      "numberProperties": [],
      "stringProperties": [],
      "initialVariables": []
    },
    {
      "angle": 0,
      "customSize": true,
      "height": 32,
      "layer": "",
      "locked": false,
      "name": "Brick",
      "width": 268,
      "x": 2340,
      "y": 221,
      "zOrder": 62,
      "numberProperties": [],
      "stringProperties": [],
      "initialVariables": []
    },
    {
      "angle": 0,
      "customSize": true,
      "height": 32,
      "layer": "",
      "locked": false,
      "name": "NewObject",
      "width": 10400,
      "x": -3563,
      "y": 745,
      "zOrder": 65,
      "numberProperties": [],
      "stringProperties": [],
      "initialVariables": []
    },
    {
      "angle": 0,
      "customSize": false,
      "height": 0,
      "layer": "UI",
      "locked": false,
      "name": "ENTERPLAY",
      "width": 0,
      "x": 208,
      "y": 340,
      "zOrder": 67,
      "numberProperties": [],
      "stringProperties": [],
      "initialVariables": []
    },
    {
      "angle": 0,
      "customSize": true,
      "height": 32,
      "layer": "",
      "locked": false,
      "name": "Wall",
      "width": 387,
      "x": 2966,
      "y": 221,
      "zOrder": 68,
      "numberProperties": [],
      "stringProperties": [],
      "initialVariables": []
    },
    {
      "angle": 0,
      "customSize": true,
      "height": 39,
      "layer": "",
      "locked": false,
      "name": "Coin",
      "width": 37,
      "x": 5227,
      "y": -57,
      "zOrder": 69,
      "numberProperties": [],
      "stringProperties": [],
      "initialVariables": []
    },
    {
      "angle": 0,
      "customSize": true,
      "height": 39,
      "layer": "",
      "locked": false,
      "name": "Coin",
      "width": 37,
      "x": 3061,
      "y": 142,
      "zOrder": 69,
      "numberProperties": [],
      "stringProperties": [],
      "initialVariables": []
    },
    {
      "angle": 0,
      "customSize": true,
      "height": 39,
      "layer": "",
      "locked": false,
      "name": "Coin",
      "width": 37,
      "x": 3133,
      "y": 142,
      "zOrder": 69,
      "numberProperties": [],
      "stringProperties": [],
      "initialVariables": []
    },
    {
      "angle": 0,
      "customSize": true,
      "height": 32,
      "layer": "",
      "locked": false,
      "name": "Wall",
      "width": 241,
      "x": 3350,
      "y": 196,
      "zOrder": 70,
      "numberProperties": [],
      "stringProperties": [],
      "initialVariables": []
    },
    {
      "angle": 0,
      "customSize": true,
      "height": 32,
      "layer": "",
      "locked": false,
      "name": "Wall",
      "width": 95,
      "x": 3778,
      "y": 81,
      "zOrder": 71,
      "numberProperties": [],
      "stringProperties": [],
      "initialVariables": []
    },
    {
      "angle": 0,
      "customSize": true,
      "height": 32,
      "layer": "",
      "locked": false,
      "name": "Wall",
      "width": 68,
      "x": 3590,
      "y": 163,
      "zOrder": 71,
      "numberProperties": [],
      "stringProperties": [],
      "initialVariables": []
    },
    {
      "angle": 0,
      "customSize": true,
      "height": 32,
      "layer": "",
      "locked": false,
      "name": "Wall",
      "width": 68,
      "x": 3652,
      "y": 133,
      "zOrder": 71,
      "numberProperties": [],
      "stringProperties": [],
      "initialVariables": []
    },
    {
      "angle": 0,
      "customSize": true,
      "height": 32,
      "layer": "",
      "locked": false,
      "name": "Wall",
      "width": 68,
      "x": 3716,
      "y": 107,
      "zOrder": 71,
      "numberProperties": [],
      "stringProperties": [],
      "initialVariables": []
    },
    {
      "angle": 0,
      "customSize": true,
      "height": 32,
      "layer": "",
      "locked": false,
      "name": "Wall",
      "width": 253,
      "x": 4072,
      "y": -240,
      "zOrder": 72,
      "numberProperties": [],
      "stringProperties": [],
      "initialVariables": []
    },
    {
      "angle": 0,
      "customSize": true,
      "height": 32,
      "layer": "",
      "locked": false,
      "name": "Wall",
      "width": 181,
      "x": 4000,
      "y": 84,
      "zOrder": 72,
      "numberProperties": [],
      "stringProperties": [],
      "initialVariables": []
    },
    {
      "angle": 0,
      "customSize": true,
      "height": 32,
      "layer": "",
      "locked": false,
      "name": "Wall",
      "width": 131,
      "x": 4164,
      "y": 55,
      "zOrder": 72,
      "numberProperties": [],
      "stringProperties": [],
      "initialVariables": []
    },
    {
      "angle": 0,
      "customSize": true,
      "height": 32,
      "layer": "",
      "locked": false,
      "name": "Wall",
      "width": 131,
      "x": 4290,
      "y": 28,
      "zOrder": 72,
      "numberProperties": [],
      "stringProperties": [],
      "initialVariables": []
    },
    {
      "angle": 0,
      "customSize": true,
      "height": 32,
      "layer": "",
      "locked": false,
      "name": "Wall",
      "width": 253,
      "x": 4070,
      "y": -240,
      "zOrder": 72,
      "numberProperties": [],
      "stringProperties": [],
      "initialVariables": []
    },
    {
      "angle": 0,
      "customSize": true,
      "height": 42,
      "layer": "",
      "locked": false,
      "name": "NewObject3",
      "width": 75,
      "x": 3499,
      "y": 158,
      "zOrder": 73,
      "numberProperties": [],
      "stringProperties": [],
      "initialVariables": []
    },
    {
      "angle": 0,
      "customSize": true,
      "height": 150,
      "layer": "",
      "locked": false,
      "name": "Brick",
      "width": 367,
      "x": 4450,
      "y": 0,
      "zOrder": 74,
      "numberProperties": [],
      "stringProperties": [],
      "initialVariables": []
    },
    {
      "angle": 0,
      "customSize": true,
      "height": 150,
      "layer": "",
      "locked": false,
      "name": "Brick",
      "width": 450,
      "x": 5450,
      "y": 0,
      "zOrder": 74,
      "numberProperties": [],
      "stringProperties": [],
      "initialVariables": []
    },
    {
      "angle": 0,
      "customSize": true,
      "height": 150,
      "layer": "",
      "locked": false,
      "name": "Brick",
      "width": 376,
      "x": 4950,
      "y": 0,
      "zOrder": 74,
      "numberProperties": [],
      "stringProperties": [],
      "initialVariables": []
    },
    {
      "angle": 0,
      "customSize": true,
      "height": 50,
      "layer": "",
      "locked": false,
      "name": "Brick",
      "width": 582,
      "x": 5377,
      "y": -100,
      "zOrder": 75,
      "numberProperties": [],
      "stringProperties": [],
      "initialVariables": []
    },
    {
      "angle": 0,
      "customSize": true,
      "height": 50,
      "layer": "",
      "locked": false,
      "name": "Brick",
      "width": 350,
      "x": 5950,
      "y": -100,
      "zOrder": 76,
      "numberProperties": [],
      "stringProperties": [],
      "initialVariables": []
    },
    {
      "angle": 0,
      "customSize": true,
      "height": 39,
      "layer": "",
      "locked": false,
      "name": "Coin",
      "width": 37,
      "x": 3201,
      "y": 142,
      "zOrder": 69,
      "numberProperties": [],
      "stringProperties": [],
      "initialVariables": []
    },
    {
      "angle": 0,
      "customSize": true,
      "height": 39,
      "layer": "",
      "locked": false,
      "name": "Coin",
      "width": 37,
      "x": 4100,
      "y": 0,
      "zOrder": 69,
      "numberProperties": [],
      "stringProperties": [],
      "initialVariables": []
    },
    {
      "angle": 0,
      "customSize": true,
      "height": 39,
      "layer": "",
      "locked": false,
      "name": "Coin",
      "width": 37,
      "x": 4257,
      "y": -4,
      "zOrder": 69,
      "numberProperties": [],
      "stringProperties": [],
      "initialVariables": []
    },
    {
      "angle": 0,
      "customSize": true,
      "height": 39,
      "layer": "",
      "locked": false,
      "name": "Coin",
      "width": 37,
      "x": 4596,
      "y": -65,
      "zOrder": 69,
      "numberProperties": [],
      "stringProperties": [],
      "initialVariables": []
    },
    {
      "angle": 0,
      "customSize": true,
      "height": 39,
      "layer": "",
      "locked": false,
      "name": "Coin",
      "width": 37,
      "x": 4722,
      "y": -61,
      "zOrder": 69,
      "numberProperties": [],
      "stringProperties": [],
      "initialVariables": []
    },
    {
      "angle": 0,
      "customSize": true,
      "height": 39,
      "layer": "",
      "locked": false,
      "name": "Coin",
      "width": 37,
      "x": 5057,
      "y": -61,
      "zOrder": 69,
      "numberProperties": [],
      "stringProperties": [],
      "initialVariables": []
    },
    {
      "angle": 0,
      "customSize": true,
      "height": 39,
      "layer": "",
      "locked": false,
      "name": "Coin",
      "width": 37,
      "x": 5815,
      "y": -166,
      "zOrder": 69,
      "numberProperties": [],
      "stringProperties": [],
      "initialVariables": []
    },
    {
      "angle": 0,
      "customSize": true,
      "height": 150,
      "layer": "",
      "locked": false,
      "name": "Brick",
      "width": 376,
      "x": 4950,
      "y": 0,
      "zOrder": 74,
      "numberProperties": [],
      "stringProperties": [],
      "initialVariables": []
    },
    {
      "angle": 0,
      "customSize": true,
      "height": 150,
      "layer": "",
      "locked": false,
      "name": "Brick",
      "width": 376,
      "x": 4950,
      "y": 0,
      "zOrder": 74,
      "numberProperties": [],
      "stringProperties": [],
      "initialVariables": []
    },
    {
      "angle": 0,
      "customSize": true,
      "height": 39,
      "layer": "",
      "locked": false,
      "name": "Coin",
      "width": 37,
      "x": 5227,
      "y": -57,
      "zOrder": 69,
      "numberProperties": [],
      "stringProperties": [],
      "initialVariables": []
    },
    {
      "angle": 0,
      "customSize": true,
      "height": 39,
      "layer": "",
      "locked": false,
      "name": "Coin",
      "width": 37,
      "x": 5510,
      "y": -166,
      "zOrder": 69,
      "numberProperties": [],
      "stringProperties": [],
      "initialVariables": []
    },
    {
      "angle": 0,
      "customSize": true,
      "height": 39,
      "layer": "",
      "locked": false,
      "name": "Coin",
      "width": 37,
      "x": 5658,
      "y": -166,
      "zOrder": 69,
      "numberProperties": [],
      "stringProperties": [],
      "initialVariables": []
    },
    {
      "angle": 0,
      "customSize": true,
      "height": 32,
      "layer": "",
      "locked": false,
      "name": "Brick",
      "width": 857,
      "x": 5439,
      "y": -253,
      "zOrder": 78,
      "numberProperties": [],
      "stringProperties": [],
      "initialVariables": []
    },
    {
      "angle": 0,
      "customSize": true,
      "height": 126,
      "layer": "",
      "locked": false,
      "name": "door",
      "width": 66,
      "x": 6229,
      "y": -223,
      "zOrder": 80,
      "numberProperties": [],
      "stringProperties": [],
      "initialVariables": []
    },
    {
      "angle": 0,
      "customSize": false,
      "height": 0,
      "layer": "UI",
      "locked": false,
      "name": "PAUSE",
      "width": 0,
      "x": 645,
      "y": 548,
      "zOrder": 81,
      "numberProperties": [],
      "stringProperties": [],
      "initialVariables": []
    },
    {
      "angle": 0,
      "customSize": true,
      "height": 66579,
      "layer": "",
      "locked": false,
      "name": "finalbk",
      "width": 102273,
      "x": -51006,
      "y": -36376,
      "zOrder": -17,
      "numberProperties": [],
      "stringProperties": [],
      "initialVariables": []
    },
    {
      "angle": 0,
      "customSize": true,
      "height": 118,
      "layer": "",
      "locked": false,
      "name": "cloud",
      "width": 201,
      "x": 5897,
      "y": -674,
      "zOrder": 82,
      "numberProperties": [],
      "stringProperties": [],
      "initialVariables": []
    },
    {
      "angle": 0,
      "customSize": true,
      "height": 839,
      "layer": "",
      "locked": false,
      "name": "Wall",
      "width": 446,
      "x": -4528,
      "y": -373,
      "zOrder": 83,
      "numberProperties": [],
      "stringProperties": [],
      "initialVariables": []
    },
    {
      "angle": 0,
      "customSize": true,
      "height": 85,
      "layer": "",
      "locked": false,
      "name": "Player",
      "width": 68,
      "x": -3799,
      "y": 241,
      "zOrder": 84,
      "numberProperties": [],
      "stringProperties": [],
      "initialVariables": []
    },
    {
      "angle": 0,
      "customSize": true,
      "height": 118,
      "layer": "",
      "locked": false,
      "name": "cloud",
      "width": 201,
      "x": -4035,
      "y": -49,
      "zOrder": 82,
      "numberProperties": [],
      "stringProperties": [],
      "initialVariables": []
    },
    {
      "angle": 0,
      "customSize": true,
      "height": 118,
      "layer": "",
      "locked": false,
      "name": "cloud",
      "width": 201,
      "x": -3007,
      "y": -46,
      "zOrder": 82,
      "numberProperties": [],
      "stringProperties": [],
      "initialVariables": []
    },
    {
      "angle": 0,
      "customSize": true,
      "height": 118,
      "layer": "",
      "locked": false,
      "name": "cloud",
      "width": 201,
      "x": -2888,
      "y": -56,
      "zOrder": 82,
      "numberProperties": [],
      "stringProperties": [],
      "initialVariables": []
    },
    {
      "angle": 0,
      "customSize": true,
      "height": 118,
      "layer": "",
      "locked": false,
      "name": "cloud",
      "width": 201,
      "x": -2157,
      "y": -56,
      "zOrder": 82,
      "numberProperties": [],
      "stringProperties": [],
      "initialVariables": []
    },
    {
      "angle": 0,
      "customSize": true,
      "height": 118,
      "layer": "",
      "locked": false,
      "name": "cloud",
      "width": 201,
      "x": -1489,
      "y": -138,
      "zOrder": 82,
      "numberProperties": [],
      "stringProperties": [],
      "initialVariables": []
    },
    {
      "angle": 0,
      "customSize": true,
      "height": 118,
      "layer": "",
      "locked": false,
      "name": "cloud",
      "width": 201,
      "x": -890,
      "y": -138,
      "zOrder": 82,
      "numberProperties": [],
      "stringProperties": [],
      "initialVariables": []
    },
    {
      "angle": 0,
      "customSize": true,
      "height": 118,
      "layer": "",
      "locked": false,
      "name": "cloud",
      "width": 201,
      "x": -164,
      "y": 9,
      "zOrder": 82,
      "numberProperties": [],
      "stringProperties": [],
      "initialVariables": []
    },
    {
      "angle": 0,
      "customSize": true,
      "height": 118,
      "layer": "",
      "locked": false,
      "name": "cloud",
      "width": 201,
      "x": 3446,
      "y": -564,
      "zOrder": 82,
      "numberProperties": [],
      "stringProperties": [],
      "initialVariables": []
    },
    {
      "angle": 0,
      "customSize": true,
      "height": 118,
      "layer": "",
      "locked": false,
      "name": "cloud",
      "width": 201,
      "x": 4885,
      "y": -674,
      "zOrder": 82,
      "numberProperties": [],
      "stringProperties": [],
      "initialVariables": []
    },
    {
      "angle": 0,
      "customSize": false,
      "height": 0,
      "layer": "UI",
      "locked": false,
      "name": "BACK",
      "width": 0,
      "x": 696,
      "y": 556,
      "zOrder": 86,
      "numberProperties": [],
      "stringProperties": [],
      "initialVariables": []
    },
    {
      "angle": 0,
      "customSize": true,
      "height": 68,
      "layer": "",
      "locked": false,
      "name": "bush",
      "width": 68,
      "x": -3291,
      "y": 334,
      "zOrder": -9,
      "numberProperties": [],
      "stringProperties": [],
      "initialVariables": []
    },
    {
      "angle": 0,
      "customSize": true,
      "height": 68,
      "layer": "",
      "locked": false,
      "name": "bush",
      "width": 68,
      "x": -3738,
      "y": 334,
      "zOrder": -9,
      "numberProperties": [],
      "stringProperties": [],
      "initialVariables": []
    },
    {
      "angle": 0,
      "customSize": false,
      "height": 0,
      "layer": "",
      "locked": false,
      "name": "Right",
      "width": 0,
      "x": -3364,
      "y": 341,
      "zOrder": 87,
      "numberProperties": [],
      "stringProperties": [],
      "initialVariables": []
    },
    {
      "angle": 0,
      "customSize": false,
      "height": 0,
      "layer": "",
      "locked": false,
      "name": "NOTE",
      "width": 0,
      "x": -3313,
      "y": 189,
      "zOrder": 88,
      "numberProperties": [],
      "stringProperties": [],
      "initialVariables": []
    }
  ],
  "objects": [
    {
      "name": "Player",
      "tags": "",
      "type": "Sprite",
      "updateIfNotVisible": false,
      "variables": [
        {
          "name": "Coins",
          "value": "0"
        },
        {
          "name": "Lives",
          "value": "3"
        }
      ],
      "behaviors": [
        {
          "name": "PlatformerObject",
          "type": "PlatformBehavior::PlatformerObjectBehavior",
          "acceleration": 1500,
          "canGrabPlatforms": false,
          "deceleration": 1500,
          "gravity": 1000,
          "ignoreDefaultControls": false,
          "jumpSpeed": 600,
          "jumpSustainTime": 0.2,
          "ladderClimbingSpeed": 150,
          "maxFallingSpeed": 700,
          "maxSpeed": 250,
          "roundCoordinates": true,
          "slopeMaxAngle": 60,
          "xGrabTolerance": 10,
          "yGrabOffset": 0
        }
      ],
      "animations": [
        {
          "name": "",
          "useMultipleDirections": false,
          "directions": [
            {
              "looping": false,
              "timeBetweenFrames": 0.08,
              "sprites": [
                {
                  "hasCustomCollisionMask": false,
                  "image": "p1_stand.png",
                  "points": [],
                  "originPoint": {
                    "name": "origine",
                    "x": 0,
                    "y": 0
                  },
                  "centerPoint": {
                    "automatic": true,
                    "name": "centre",
                    "x": 0,
                    "y": 0
                  },
                  "customCollisionMask": []
                }
              ]
            }
          ]
        },
        {
          "name": "",
          "useMultipleDirections": false,
          "directions": [
            {
              "looping": false,
              "timeBetweenFrames": 0.08,
              "sprites": [
                {
                  "hasCustomCollisionMask": false,
                  "image": "p1_jump.png",
                  "points": [],
                  "originPoint": {
                    "name": "origine",
                    "x": 0,
                    "y": 0
                  },
                  "centerPoint": {
                    "automatic": true,
                    "name": "centre",
                    "x": 0,
                    "y": 0
                  },
                  "customCollisionMask": []
                }
              ]
            }
          ]
        },
        {
          "name": "",
          "useMultipleDirections": false,
          "directions": [
            {
              "looping": true,
              "timeBetweenFrames": 0.02,
              "sprites": [
                {
                  "hasCustomCollisionMask": false,
                  "image": "p1_walk01.png",
                  "points": [],
                  "originPoint": {
                    "name": "origine",
                    "x": 0,
                    "y": 0
                  },
                  "centerPoint": {
                    "automatic": true,
                    "name": "centre",
                    "x": 0,
                    "y": 0
                  },
                  "customCollisionMask": []
                },
                {
                  "hasCustomCollisionMask": false,
                  "image": "p1_walk02.png",
                  "points": [],
                  "originPoint": {
                    "name": "origine",
                    "x": 0,
                    "y": 0
                  },
                  "centerPoint": {
                    "automatic": true,
                    "name": "centre",
                    "x": 0,
                    "y": 0
                  },
                  "customCollisionMask": []
                },
                {
                  "hasCustomCollisionMask": false,
                  "image": "p1_walk03.png",
                  "points": [],
                  "originPoint": {
                    "name": "origine",
                    "x": 0,
                    "y": 0
                  },
                  "centerPoint": {
                    "automatic": true,
                    "name": "centre",
                    "x": 0,
                    "y": 0
                  },
                  "customCollisionMask": []
                },
                {
                  "hasCustomCollisionMask": false,
                  "image": "p1_walk04.png",
                  "points": [],
                  "originPoint": {
                    "name": "origine",
                    "x": 0,
                    "y": 0
                  },
                  "centerPoint": {
                    "automatic": true,
                    "name": "centre",
                    "x": 0,
                    "y": 0
                  },
                  "customCollisionMask": []
                },
                {
                  "hasCustomCollisionMask": false,
                  "image": "p1_walk05.png",
                  "points": [],
                  "originPoint": {
                    "name": "origine",
                    "x": 0,
                    "y": 0
                  },
                  "centerPoint": {
                    "automatic": true,
                    "name": "centre",
                    "x": 0,
                    "y": 0
                  },
                  "customCollisionMask": []
                },
                {
                  "hasCustomCollisionMask": false,
                  "image": "p1_walk06.png",
                  "points": [],
                  "originPoint": {
                    "name": "origine",
                    "x": 0,
                    "y": 0
                  },
                  "centerPoint": {
                    "automatic": true,
                    "name": "centre",
                    "x": 0,
                    "y": 0
                  },
                  "customCollisionMask": []
                },
                {
                  "hasCustomCollisionMask": false,
                  "image": "p1_walk07.png",
                  "points": [],
                  "originPoint": {
                    "name": "origine",
                    "x": 0,
                    "y": 0
                  },
                  "centerPoint": {
                    "automatic": true,
                    "name": "centre",
                    "x": 0,
                    "y": 0
                  },
                  "customCollisionMask": []
                },
                {
                  "hasCustomCollisionMask": false,
                  "image": "p1_walk08.png",
                  "points": [],
                  "originPoint": {
                    "name": "origine",
                    "x": 0,
                    "y": 0
                  },
                  "centerPoint": {
                    "automatic": true,
                    "name": "centre",
                    "x": 0,
                    "y": 0
                  },
                  "customCollisionMask": []
                },
                {
                  "hasCustomCollisionMask": false,
                  "image": "p1_walk09.png",
                  "points": [],
                  "originPoint": {
                    "name": "origine",
                    "x": 0,
                    "y": 0
                  },
                  "centerPoint": {
                    "automatic": true,
                    "name": "centre",
                    "x": 0,
                    "y": 0
                  },
                  "customCollisionMask": []
                },
                {
                  "hasCustomCollisionMask": false,
                  "image": "p1_walk10.png",
                  "points": [],
                  "originPoint": {
                    "name": "origine",
                    "x": 0,
                    "y": 0
                  },
                  "centerPoint": {
                    "automatic": true,
                    "name": "centre",
                    "x": 0,
                    "y": 0
                  },
                  "customCollisionMask": []
                },
                {
                  "hasCustomCollisionMask": false,
                  "image": "p1_walk11.png",
                  "points": [],
                  "originPoint": {
                    "name": "origine",
                    "x": 0,
                    "y": 0
                  },
                  "centerPoint": {
                    "automatic": true,
                    "name": "centre",
                    "x": 0,
                    "y": 0
                  },
                  "customCollisionMask": []
                }
              ]
            }
          ]
        }
      ]
    },
    {
      "height": 32,
      "name": "Base",
      "tags": "",
      "texture": "grassHalfMid.png",
      "type": "TiledSpriteObject::TiledSprite",
      "width": 32,
      "variables": [],
      "behaviors": [
        {
          "name": "Platform",
          "type": "PlatformBehavior::PlatformBehavior",
          "canBeGrabbed": true,
          "platformType": "NormalPlatform",
          "yGrabOffset": 0
        }
      ]
    },
    {
      "height": 32,
      "name": "Base2",
      "tags": "",
      "texture": "Grass.png",
      "type": "TiledSpriteObject::TiledSprite",
      "width": 32,
      "variables": [],
      "behaviors": []
    },
    {
      "height": 32,
      "name": "Coin",
      "tags": "",
      "texture": "coinGold.png",
      "type": "TiledSpriteObject::TiledSprite",
      "width": 32,
      "variables": [],
      "behaviors": []
    },
    {
      "height": 32,
      "name": "Wall",
      "tags": "",
      "texture": "castleCenter.png",
      "type": "TiledSpriteObject::TiledSprite",
      "width": 32,
      "variables": [],
      "behaviors": [
        {
          "name": "Platform",
          "type": "PlatformBehavior::PlatformBehavior",
          "canBeGrabbed": true,
          "platformType": "NormalPlatform",
          "yGrabOffset": 0
        }
      ]
    },
    {
      "height": 32,
      "name": "Brick",
      "tags": "",
      "texture": "brickWall.png",
      "type": "TiledSpriteObject::TiledSprite",
      "width": 32,
      "variables": [],
      "behaviors": [
        {
          "name": "Platform",
          "type": "PlatformBehavior::PlatformBehavior",
          "canBeGrabbed": true,
          "platformType": "NormalPlatform",
          "yGrabOffset": 0
        }
      ]
    },
    {
      "bold": true,
      "italic": false,
      "name": "Coins",
      "smoothed": true,
      "tags": "",
      "type": "TextObject::Text",
      "underlined": false,
      "variables": [
        {
          "name": "",
          "value": ""
        }
      ],
      "behaviors": [],
      "string": "Coins:",
      "font": "",
      "characterSize": 50,
      "color": {
        "b": 0,
        "g": 0,
        "r": 0
      }
    },
    {
      "bold": true,
      "italic": false,
      "name": "POints",
      "smoothed": true,
      "tags": "",
      "type": "TextObject::Text",
      "underlined": false,
      "variables": [],
      "behaviors": [],
      "string": "0",
      "font": "",
      "characterSize": 50,
      "color": {
        "b": 0,
        "g": 0,
        "r": 0
      }
    },
    {
      "bold": true,
      "italic": false,
      "name": "Level",
      "smoothed": true,
      "tags": "",
      "type": "TextObject::Text",
      "underlined": false,
      "variables": [],
      "behaviors": [],
      "string": "Level \n    1",
      "font": "",
      "characterSize": 70,
      "color": {
        "b": 12,
        "g": 12,
        "r": 12
      }
    },
    {
      "name": "Flyenemy",
      "tags": "",
      "type": "Sprite",
      "updateIfNotVisible": false,
      "variables": [],
      "behaviors": [],
      "animations": [
        {
          "name": "",
          "useMultipleDirections": false,
          "directions": [
            {
              "looping": true,
              "timeBetweenFrames": 0.08,
              "sprites": [
                {
                  "hasCustomCollisionMask": false,
                  "image": "flyFly1.png",
                  "points": [],
                  "originPoint": {
                    "name": "origine",
                    "x": 0,
                    "y": 0
                  },
                  "centerPoint": {
                    "automatic": true,
                    "name": "centre",
                    "x": 0,
                    "y": 0
                  },
                  "customCollisionMask": []
                },
                {
                  "hasCustomCollisionMask": false,
                  "image": "flyFly2.png",
                  "points": [],
                  "originPoint": {
                    "name": "origine",
                    "x": 0,
                    "y": 0
                  },
                  "centerPoint": {
                    "automatic": true,
                    "name": "centre",
                    "x": 0,
                    "y": 0
                  },
                  "customCollisionMask": []
                }
              ]
            }
          ]
        }
      ]
    },
    {
      "height": 32,
      "name": "Left",
      "tags": "",
      "texture": "Left.png",
      "type": "TiledSpriteObject::TiledSprite",
      "width": 32,
      "variables": [],
      "behaviors": []
    },
    {
      "height": 32,
      "name": "Right",
      "tags": "",
      "texture": "Right.png",
      "type": "TiledSpriteObject::TiledSprite",
      "width": 32,
      "variables": [],
      "behaviors": []
    },
    {
      "bold": false,
      "italic": false,
      "name": "textnotice",
      "smoothed": true,
      "tags": "",
      "type": "TextObject::Text",
      "underlined": false,
      "variables": [],
      "behaviors": [],
      "string": "WELCOME TO FREE RUNNER",
      "font": "",
      "characterSize": 30,
      "color": {
        "b": 0,
        "g": 0,
        "r": 0
      }
    },
    {
      "height": 32,
      "name": "sky",
      "tags": "",
      "texture": "sky-blue-vector.jpg",
      "type": "TiledSpriteObject::TiledSprite",
      "width": 32,
      "variables": [],
      "behaviors": []
    },
    {
      "height": 32,
      "name": "bridge1",
      "tags": "",
      "texture": "bridge.png",
      "type": "TiledSpriteObject::TiledSprite",
      "width": 32,
      "variables": [],
      "behaviors": [
        {
          "name": "Platform",
          "type": "PlatformBehavior::PlatformBehavior",
          "canBeGrabbed": true,
          "platformType": "NormalPlatform",
          "yGrabOffset": 0
        }
      ]
    },
    {
      "height": 32,
      "name": "bridge2",
      "tags": "",
      "texture": "bridgeLogs.png",
      "type": "TiledSpriteObject::TiledSprite",
      "width": 32,
      "variables": [],
      "behaviors": []
    },
    {
      "height": 32,
      "name": "NewObject",
      "tags": "",
      "texture": "PlayerArea.png",
      "type": "TiledSpriteObject::TiledSprite",
      "width": 32,
      "variables": [],
      "behaviors": []
    },
    {
      "bold": true,
      "italic": false,
      "name": "DEAD",
      "smoothed": true,
      "tags": "",
      "type": "TextObject::Text",
      "underlined": false,
      "variables": [],
      "behaviors": [],
      "string": "YOU DIED :(",
      "font": "",
      "characterSize": 70,
      "color": {
        "b": 0,
        "g": 0,
        "r": 0
      }
    },
    {
      "height": 32,
      "name": "dead",
      "tags": "",
      "texture": "coin stick.png",
      "type": "TiledSpriteObject::TiledSprite",
      "width": 32,
      "variables": [],
      "behaviors": []
    },
    {
      "bold": true,
      "italic": true,
      "name": "BACK",
      "smoothed": true,
      "tags": "",
      "type": "TextObject::Text",
      "underlined": false,
      "variables": [],
      "behaviors": [],
      "string": "BACK",
      "font": "",
      "characterSize": 30,
      "color": {
        "b": 0,
        "g": 0,
        "r": 0
      }
    },
    {
      "height": 32,
      "name": "NewObject2",
      "tags": "",
      "texture": "images (1).jpg",
      "type": "TiledSpriteObject::TiledSprite",
      "width": 32,
      "variables": [],
      "behaviors": []
    },
    {
      "bold": true,
      "italic": false,
      "name": "Lives",
      "smoothed": true,
      "tags": "",
      "type": "TextObject::Text",
      "underlined": false,
      "variables": [],
      "behaviors": [],
      "string": "Lives:",
      "font": "",
      "characterSize": 50,
      "color": {
        "b": 0,
        "g": 0,
        "r": 0
      }
    },
    {
      "bold": true,
      "italic": false,
      "name": "livespoint",
      "smoothed": true,
      "tags": "",
      "type": "TextObject::Text",
      "underlined": false,
      "variables": [],
      "behaviors": [],
      "string": "3",
      "font": "",
      "characterSize": 50,
      "color": {
        "b": 0,
        "g": 0,
        "r": 0
      }
    },
    {
      "bold": true,
      "italic": false,
      "name": "ENTERPLAY",
      "smoothed": true,
      "tags": "",
      "type": "TextObject::Text",
      "underlined": false,
      "variables": [],
      "behaviors": [],
      "string": "PRESS  TO PLAY",
      "font": "",
      "characterSize": 50,
      "color": {
        "b": 0,
        "g": 0,
        "r": 0
      }
    },
    {
      "height": 32,
      "name": "NewObject3",
      "tags": "",
      "texture": "ladder_mid.png",
      "type": "TiledSpriteObject::TiledSprite",
      "width": 32,
      "variables": [],
      "behaviors": [
        {
          "name": "Platform",
          "type": "PlatformBehavior::PlatformBehavior",
          "canBeGrabbed": true,
          "platformType": "NormalPlatform",
          "yGrabOffset": 0
        }
      ]
    },
    {
      "height": 32,
      "name": "door",
      "tags": "",
      "texture": "Chooseanewimage-1.png",
      "type": "TiledSpriteObject::TiledSprite",
      "width": 32,
      "variables": [],
      "behaviors": []
    },
    {
      "height": 32,
      "name": "NewObject5",
      "tags": "",
      "texture": "Chooseanewimage-1-0.png",
      "type": "TiledSpriteObject::TiledSprite",
      "width": 32,
      "variables": [],
      "behaviors": []
    },
    {
      "name": "cloud",
      "tags": "",
      "type": "Sprite",
      "updateIfNotVisible": false,
      "variables": [],
      "behaviors": [],
      "animations": [
        {
          "name": "",
          "useMultipleDirections": false,
          "directions": [
            {
              "looping": false,
              "timeBetweenFrames": 0.08,
              "sprites": [
                {
                  "hasCustomCollisionMask": false,
                  "image": "cloud1.png",
                  "points": [],
                  "originPoint": {
                    "name": "origine",
                    "x": 0,
                    "y": 0
                  },
                  "centerPoint": {
                    "automatic": true,
                    "name": "centre",
                    "x": 0,
                    "y": 0
                  },
                  "customCollisionMask": []
                }
              ]
            }
          ]
        },
        {
          "name": "",
          "useMultipleDirections": false,
          "directions": [
            {
              "looping": false,
              "timeBetweenFrames": 0.08,
              "sprites": [
                {
                  "hasCustomCollisionMask": false,
                  "image": "cloud2.png",
                  "points": [],
                  "originPoint": {
                    "name": "origine",
                    "x": 0,
                    "y": 0
                  },
                  "centerPoint": {
                    "automatic": true,
                    "name": "centre",
                    "x": 0,
                    "y": 0
                  },
                  "customCollisionMask": []
                }
              ]
            }
          ]
        },
        {
          "name": "",
          "useMultipleDirections": false,
          "directions": [
            {
              "looping": false,
              "timeBetweenFrames": 0.08,
              "sprites": [
                {
                  "hasCustomCollisionMask": false,
                  "image": "cloud3.png",
                  "points": [],
                  "originPoint": {
                    "name": "origine",
                    "x": 0,
                    "y": 0
                  },
                  "centerPoint": {
                    "automatic": true,
                    "name": "centre",
                    "x": 0,
                    "y": 0
                  },
                  "customCollisionMask": []
                }
              ]
            }
          ]
        }
      ]
    },
    {
      "height": 32,
      "name": "bush",
      "tags": "",
      "texture": "bush.png",
      "type": "TiledSpriteObject::TiledSprite",
      "width": 32,
      "variables": [],
      "behaviors": []
    },
    {
      "height": 32,
      "name": "cactus",
      "tags": "",
      "texture": "cactus.png",
      "type": "TiledSpriteObject::TiledSprite",
      "width": 32,
      "variables": [],
      "behaviors": []
    },
    {
      "bold": false,
      "italic": false,
      "name": "NOTE",
      "smoothed": true,
      "tags": "",
      "type": "TextObject::Text",
      "underlined": false,
      "variables": [],
      "behaviors": [],
      "string": "PRESS BACKSPACE TO JUMP",
      "font": "",
      "characterSize": 40,
      "color": {
        "b": 0,
        "g": 0,
        "r": 0
      }
    }
  ],
  "events": [
    {
      "disabled": false,
      "folded": false,
      "type": "BuiltinCommonInstructions::Standard",
      "conditions": [],
      "actions": [],
      "events": []
    },
    {
      "disabled": false,
      "folded": false,
      "type": "BuiltinCommonInstructions::Standard",
      "conditions": [
        {
          "type": {
            "inverted": false,
            "value": "PlatformBehavior::IsOnFloor"
          },
          "parameters": [
            "Player",
            "PlatformerObject"
          ],
          "subInstructions": []
        },
        {
          "type": {
            "inverted": false,
            "value": "PlatformBehavior::IsMoving"
          },
          "parameters": [
            "Player",
            "PlatformerObject"
          ],
          "subInstructions": []
        }
      ],
      "actions": [
        {
          "type": {
            "inverted": false,
            "value": "ChangeAnimation"
          },
          "parameters": [
            "Player",
            "=",
            "2"
          ],
          "subInstructions": []
        }
      ],
      "events": []
    },
    {
      "disabled": false,
      "folded": false,
      "type": "BuiltinCommonInstructions::Standard",
      "conditions": [
        {
          "type": {
            "inverted": false,
            "value": "PlatformBehavior::IsOnFloor"
          },
          "parameters": [
            "Player",
            "PlatformerObject"
          ],
          "subInstructions": []
        },
        {
          "type": {
            "inverted": true,
            "value": "PlatformBehavior::IsMoving"
          },
          "parameters": [
            "Player",
            "PlatformerObject"
          ],
          "subInstructions": []
        }
      ],
      "actions": [
        {
          "type": {
            "inverted": false,
            "value": "ChangeAnimation"
          },
          "parameters": [
            "Player",
            "=",
            "0"
          ],
          "subInstructions": []
        }
      ],
      "events": []
    },
    {
      "disabled": false,
      "folded": false,
      "type": "BuiltinCommonInstructions::Standard",
      "conditions": [
        {
          "type": {
            "inverted": false,
            "value": "PlatformBehavior::IsJumping"
          },
          "parameters": [
            "Player",
            "PlatformerObject"
          ],
          "subInstructions": []
        }
      ],
      "actions": [
        {
          "type": {
            "inverted": false,
            "value": "ChangeAnimation"
          },
          "parameters": [
            "Player",
            "=",
            "1"
          ],
          "subInstructions": []
        }
      ],
      "events": []
    },
    {
      "disabled": false,
      "folded": false,
      "type": "BuiltinCommonInstructions::Standard",
      "conditions": [
        {
          "type": {
            "inverted": false,
            "value": "KeyPressed"
          },
          "parameters": [
            "",
            "Left"
          ],
          "subInstructions": []
        }
      ],
      "actions": [
        {
          "type": {
            "inverted": false,
            "value": "FlipX"
          },
          "parameters": [
            "Player",
            "yes"
          ],
          "subInstructions": []
        }
      ],
      "events": []
    },
    {
      "disabled": false,
      "folded": false,
      "type": "BuiltinCommonInstructions::Standard",
      "conditions": [
        {
          "type": {
            "inverted": false,
            "value": "KeyPressed"
          },
          "parameters": [
            "",
            "Right"
          ],
          "subInstructions": []
        }
      ],
      "actions": [
        {
          "type": {
            "inverted": false,
            "value": "FlipX"
          },
          "parameters": [
            "Player",
            "no"
          ],
          "subInstructions": []
        }
      ],
      "events": []
    },
    {
      "disabled": false,
      "folded": false,
      "type": "BuiltinCommonInstructions::Standard",
      "conditions": [],
      "actions": [
        {
          "type": {
            "inverted": false,
            "value": "CameraX"
          },
          "parameters": [
            "",
            "=",
            "Player.X()",
            "",
            ""
          ],
          "subInstructions": []
        },
        {
          "type": {
            "inverted": false,
            "value": "Cache"
          },
          "parameters": [
            "Left"
          ],
          "subInstructions": []
        },
        {
          "type": {
            "inverted": false,
            "value": "Cache"
          },
          "parameters": [
            "Right"
          ],
          "subInstructions": []
        },
        {
          "type": {
            "inverted": false,
            "value": "Cache"
          },
          "parameters": [
            "DEAD"
          ],
          "subInstructions": []
        },
        {
          "type": {
            "inverted": false,
            "value": "Cache"
          },
          "parameters": [
            "ENTERPLAY"
          ],
          "subInstructions": []
        },
        {
          "type": {
            "inverted": false,
            "value": "CameraY"
          },
          "parameters": [
            "",
            "=",
            "Player.Y()",
            "",
            ""
          ],
          "subInstructions": []
        }
      ],
      "events": []
    },
    {
      "disabled": false,
      "folded": false,
      "type": "BuiltinCommonInstructions::Standard",
      "conditions": [
        {
          "type": {
            "inverted": false,
            "value": "CollisionNP"
          },
          "parameters": [
            "Player",
            "Coin",
            "",
            "",
            "yes"
          ],
          "subInstructions": []
        }
      ],
      "actions": [
        {
          "type": {
            "inverted": false,
            "value": "Delete"
          },
          "parameters": [
            "Coin",
            "Coin"
          ],
          "subInstructions": []
        },
        {
          "type": {
            "inverted": false,
            "value": "ModVarObjet"
          },
          "parameters": [
            "Player",
            "Coins",
            "+",
            "1"
          ],
          "subInstructions": []
        },
        {
          "type": {
            "inverted": false,
            "value": "TextObject::String"
          },
          "parameters": [
            "POints",
            "=",
            "Player.VariableString(Coins)"
          ],
          "subInstructions": []
        }
      ],
      "events": []
    },
    {
      "disabled": false,
      "folded": false,
      "type": "BuiltinCommonInstructions::Standard",
      "conditions": [
        {
          "type": {
            "inverted": false,
            "value": "CollisionNP"
          },
          "parameters": [
            "Flyenemy",
            "Left",
            "",
            "",
            ""
          ],
          "subInstructions": []
        }
      ],
      "actions": [
        {
          "type": {
            "inverted": false,
            "value": "Arreter"
          },
          "parameters": [
            "Flyenemy"
          ],
          "subInstructions": []
        },
        {
          "type": {
            "inverted": false,
            "value": "AddForceVers"
          },
          "parameters": [
            "Flyenemy",
            "Right",
            "200",
            "1"
          ],
          "subInstructions": []
        }
      ],
      "events": []
    },
    {
      "disabled": false,
      "folded": false,
      "type": "BuiltinCommonInstructions::Standard",
      "conditions": [
        {
          "type": {
            "inverted": false,
            "value": "CollisionNP"
          },
          "parameters": [
            "Flyenemy",
            "Right",
            "",
            "",
            ""
          ],
          "subInstructions": []
        }
      ],
      "actions": [
        {
          "type": {
            "inverted": false,
            "value": "Arreter"
          },
          "parameters": [
            "Flyenemy"
          ],
          "subInstructions": []
        },
        {
          "type": {
            "inverted": false,
            "value": "AddForceVers"
          },
          "parameters": [
            "Flyenemy",
            "Left",
            "200",
            "1"
          ],
          "subInstructions": []
        }
      ],
      "events": []
    },
    {
      "disabled": false,
      "folded": false,
      "type": "BuiltinCommonInstructions::Standard",
      "conditions": [
        {
          "type": {
            "inverted": false,
            "value": "CollisionNP"
          },
          "parameters": [
            "Player",
            "Flyenemy",
            "",
            "",
            ""
          ],
          "subInstructions": []
        }
      ],
      "actions": [],
      "events": []
    },
    {
      "disabled": false,
      "folded": false,
      "type": "BuiltinCommonInstructions::Standard",
      "conditions": [
        {
          "type": {
            "inverted": false,
            "value": "CollisionNP"
          },
          "parameters": [
            "Player",
            "NewObject",
            "",
            "",
            ""
          ],
          "subInstructions": []
        }
      ],
      "actions": [
        {
          "type": {
            "inverted": false,
            "value": "Montre"
          },
          "parameters": [
            "DEAD",
            ""
          ],
          "subInstructions": []
        },
        {
          "type": {
            "inverted": false,
            "value": "ChangeTimeScale"
          },
          "parameters": [
            "",
            "\"0\""
          ],
          "subInstructions": []
        }
      ],
      "events": []
    },
    {
      "disabled": false,
      "folded": false,
      "type": "BuiltinCommonInstructions::Standard",
      "conditions": [
        {
          "type": {
            "inverted": false,
            "value": "CollisionNP"
          },
          "parameters": [
            "Player",
            "NewObject",
            "",
            "",
            ""
          ],
          "subInstructions": []
        }
      ],
      "actions": [
        {
          "type": {
            "inverted": false,
            "value": "Montre"
          },
          "parameters": [
            "ENTERPLAY",
            ""
          ],
          "subInstructions": []
        },
        {
          "type": {
            "inverted": false,
            "value": "ChangeTimeScale"
          },
          "parameters": [
            "",
            "0"
          ],
          "subInstructions": []
        }
      ],
      "events": []
    },
    {
      "disabled": false,
      "folded": false,
      "type": "BuiltinCommonInstructions::Standard",
      "conditions": [
        {
          "type": {
            "inverted": true,
            "value": "SourisSurObjet"
          },
          "parameters": [
            "BACK",
            "",
            "",
            ""
          ],
          "subInstructions": []
        }
      ],
      "actions": [
        {
          "type": {
            "inverted": false,
            "value": "TextObject::ChangeColor"
          },
          "parameters": [
            "BACK",
            "\"0;0;0\""
          ],
          "subInstructions": []
        }
      ],
      "events": []
    },
    {
      "disabled": false,
      "folded": false,
      "type": "BuiltinCommonInstructions::Standard",
      "conditions": [
        {
          "type": {
            "inverted": false,
            "value": "SourisSurObjet"
          },
          "parameters": [
            "BACK",
            "",
            "",
            ""
          ],
          "subInstructions": []
        },
        {
          "type": {
            "inverted": false,
            "value": "SourisBouton"
          },
          "parameters": [
            "",
            "Left"
          ],
          "subInstructions": []
        }
      ],
      "actions": [
        {
          "type": {
            "inverted": false,
            "value": "TextObject::ChangeColor"
          },
          "parameters": [
            "BACK",
            "\"250;10;10\""
          ],
          "subInstructions": []
        },
        {
          "type": {
            "inverted": false,
            "value": "Scene"
          },
          "parameters": [
            "",
            "\"MENUS\"",
            ""
          ],
          "subInstructions": []
        }
      ],
      "events": []
    },
    {
      "disabled": false,
      "folded": false,
      "type": "BuiltinCommonInstructions::Standard",
      "conditions": [],
      "actions": [],
      "events": []
    },
    {
      "disabled": false,
      "folded": false,
      "type": "BuiltinCommonInstructions::Standard",
      "conditions": [
        {
          "type": {
            "inverted": true,
            "value": "SourisSurObjet"
          },
          "parameters": [
            "ENTERPLAY",
            "",
            "",
            ""
          ],
          "subInstructions": []
        }
      ],
      "actions": [
        {
          "type": {
            "inverted": false,
            "value": "TextObject::ChangeColor"
          },
          "parameters": [
            "ENTERPLAY",
            "\"0;0;0\""
          ],
          "subInstructions": []
        }
      ],
      "events": []
    },
    {
      "disabled": false,
      "folded": false,
      "type": "BuiltinCommonInstructions::Standard",
      "conditions": [
        {
          "type": {
            "inverted": false,
            "value": "SourisSurObjet"
          },
          "parameters": [
            "ENTERPLAY",
            "",
            "",
            ""
          ],
          "subInstructions": []
        },
        {
          "type": {
            "inverted": false,
            "value": "SourisBouton"
          },
          "parameters": [
            "",
            "Left"
          ],
          "subInstructions": []
        }
      ],
      "actions": [
        {
          "type": {
            "inverted": false,
            "value": "TextObject::ChangeColor"
          },
          "parameters": [
            "ENTERPLAY",
            "\"236;7;7\""
          ],
          "subInstructions": []
        },
        {
          "type": {
            "inverted": false,
            "value": "Scene"
          },
          "parameters": [
            "",
            "\"GAME\"",
            ""
          ],
          "subInstructions": []
        }
      ],
      "events": []
    },
    {
      "disabled": false,
      "folded": false,
      "type": "BuiltinCommonInstructions::Standard",
      "conditions": [
        {
          "type": {
            "inverted": false,
            "value": "CollisionNP"
          },
          "parameters": [
            "Player",
            "NewObject3",
            "",
            "",
            ""
          ],
          "subInstructions": []
        }
      ],
      "actions": [
        {
          "type": {
            "inverted": false,
            "value": "CameraY"
          },
          "parameters": [
            "",
            "=",
            "Player.Y()",
            "",
            ""
          ],
          "subInstructions": []
        }
      ],
      "events": []
    },
    {
      "disabled": false,
      "folded": false,
      "type": "BuiltinCommonInstructions::Standard",
      "conditions": [
        {
          "type": {
            "inverted": false,
            "value": "CollisionNP"
          },
          "parameters": [
            "Player",
            "door",
            "",
            "",
            ""
          ],
          "subInstructions": []
        }
      ],
      "actions": [
        {
          "type": {
            "inverted": false,
            "value": "Scene"
          },
          "parameters": [
            "",
            "\"level2\"",
            ""
          ],
          "subInstructions": []
        }
      ],
      "events": []
    },
    {
      "disabled": false,
      "folded": false,
      "type": "BuiltinCommonInstructions::Standard",
      "conditions": [
        {
          "type": {
            "inverted": true,
            "value": "SourisSurObjet"
          },
          "parameters": [
            "PAUSE",
            "",
            "",
            ""
          ],
          "subInstructions": []
        }
      ],
      "actions": [
        {
          "type": {
            "inverted": false,
            "value": "TextObject::ChangeColor"
          },
          "parameters": [
            "PAUSE",
            "\"15;15;15\""
          ],
          "subInstructions": []
        }
      ],
      "events": []
    },
    {
      "disabled": false,
      "folded": false,
      "type": "BuiltinCommonInstructions::Standard",
      "conditions": [
        {
          "type": {
            "inverted": false,
            "value": "SourisSurObjet"
          },
          "parameters": [
            "PAUSE",
            "",
            "",
            ""
          ],
          "subInstructions": []
        },
        {
          "type": {
            "inverted": false,
            "value": "SourisBouton"
          },
          "parameters": [
            "",
            "Left"
          ],
          "subInstructions": []
        }
      ],
      "actions": [
        {
          "type": {
            "inverted": false,
            "value": "TextObject::ChangeColor"
          },
          "parameters": [
            "PAUSE",
            "\"245;11;11\""
          ],
          "subInstructions": []
        },
        {
          "type": {
            "inverted": false,
            "value": "PushScene"
          },
          "parameters": [
            "",
            "\"PAUSE\""
          ],
          "subInstructions": []
        }
      ],
      "events": []
    },
    {
      "disabled": false,
      "folded": false,
      "type": "BuiltinCommonInstructions::Standard",
      "conditions": [],
      "actions": [],
      "events": []
    },
    {
      "disabled": false,
      "folded": false,
      "type": "BuiltinCommonInstructions::Standard",
      "conditions": [
        {
          "type": {
            "inverted": false,
            "value": "CollisionNP"
          },
          "parameters": [
            "Player",
            "Right",
            "",
            "",
            ""
          ],
          "subInstructions": []
        }
      ],
      "actions": [
        {
          "type": {
            "inverted": false,
            "value": "Montre"
          },
          "parameters": [
            "NOTE",
            ""
          ],
          "subInstructions": []
        }
      ],
      "events": []
    }
  ],
  "layers": [
    {
      "name": "",
      "visibility": true,
      "cameras": [
        {
          "defaultSize": true,
          "defaultViewport": true,
          "height": 0,
          "viewportBottom": 1,
          "viewportLeft": 0,
          "viewportRight": 1,
          "viewportTop": 0,
          "width": 0
        }
      ],
      "effects": []
    },
    {
      "name": "UI",
      "visibility": true,
      "cameras": [],
      "effects": []
    },
    {
      "name": "Layer",
      "visibility": true,
      "cameras": [],
      "effects": []
    }
  ],
  "behaviorsSharedData": [
    {
      "name": "Platform",
      "type": "PlatformBehavior::PlatformBehavior"
    },
    {
      "name": "PlatformerObject",
      "type": "PlatformBehavior::PlatformerObjectBehavior"
    }
  ]
}